,x1,x2,y1,y2,object_type_Car,static_dynamic_dynamic,static_dynamic_static,lat,lon,alt,roll,pitch,yaw,vn,ve,vf,vl,vu,ax,ay,az,af,al,au,wx,wy,wz,wf,wl,wu,pos_accuracy,vel_accuracy,navstat,numsats,posmode,velmode,orimode,Break,frame
175,180.25,223.01,162.33,244.16,1.0,0.0,1.0,48.942632651946,8.4104890535161,137.1079864502,0.040101,0.001508,-0.4632756732051,-2.4468955285874,4.7288445477839,5.3238629928455,0.075849025375776,0.06809495707704,-1.6225041821706,0.29031095732609,9.7717749763237,-1.6014666501751,-0.099261404579146,9.7791614856526,0.0041710608760445,-0.011367866082213,-0.00011741344014113,0.0041694317716516,-0.011354190792313,-0.0005772068154211,0.16077624202599,0.01838477631085,4.0,8.0,5.0,5.0,6.0,False,175
176,180.41,224.07,153.27,237.48,1.0,0.0,1.0,48.94263028398,8.4104959687781,137.10891723633,0.041316,-7.2e-05,-0.4629146732051,-2.3837242624027,4.5855730175389,5.1674508394185,0.084081810116452,0.069113892376975,-1.1997869869937,0.38311123991999,9.7882526510516,-1.1927277865677,-0.015896095311193,9.7968355462064,0.010135617620289,-0.013899949076855,0.0044712024377271,0.010136385608962,-0.014071861538478,0.0038956189452612,0.16077624202599,0.01838477631085,4.0,8.0,5.0,5.0,6.0,False,176
177,180.57,225.17,143.84,230.56,1.0,0.0,1.0,48.942628170775,8.4105021406919,137.11265563965,0.041849,-0.001856,-0.4623066732051,-2.337721527787,4.5028584584927,5.072860218071,0.082279498030603,0.069241182626161,-0.72817112345072,0.49388245949825,9.7943343709865,-0.73661837386287,0.086470049570923,9.8060743396825,0.0050408196420944,-0.01739862719312,0.006931585160898,0.0050340671373633,-0.017672428941155,0.0062032198371963,0.16077624202599,0.01838477631085,4.0,8.0,5.0,5.0,6.0,False,177
178,180.74,226.32,134.0,223.37,1.0,0.0,1.0,48.942626087552,8.4105082586819,137.11618041992,0.041339,-0.003521,-0.4616876732051,-2.3024388693565,4.4549463030991,5.0141950646067,0.075060915627076,0.070478577210853,-0.47747845297252,0.49815530728593,9.8501000486875,-0.50310364617715,0.089001620348891,9.8611957309458,-0.002917421388688,-0.016221289101074,0.007397090090032,-0.0029355574148695,-0.016514337853909,0.006706059321078,0.16077624202599,0.01838477631085,4.0,8.0,5.0,5.0,6.0,False,178
179,180.92,227.52,123.73,215.9,1.0,0.0,1.0,48.942623827156,8.4105149114074,137.12292480469,0.040947,-0.003974,-0.4609746732051,-2.2756149436316,4.4117959043634,4.963561818627,0.073661210413073,0.080688777777182,-0.41428687764984,0.44163903386603,9.8810612997046,-0.45136701026784,0.034362535100325,9.8892908541895,-0.0042691187892899,-0.0037687406137928,0.0073451020055442,-0.0042962852858227,-0.0040678476504098,0.0071654367352663,0.16077624202599,0.01838477631085,4.0,8.0,5.0,5.0,6.0,True,179
180,181.11,228.77,112.99,208.13,1.0,0.0,1.0,48.942621805428,8.4105209233797,137.12794494629,0.040862,-0.003337,-0.4601056732051,-2.253086128551,4.3678232717226,4.9140959496435,0.077037303556012,0.08844321546358,-0.50065374176592,0.39654529459325,9.8602987562687,-0.53622010397319,-0.006823693245565,9.8664217887519,-0.00018665057581959,0.0049410924212617,0.0086451023878738,-0.00021858766333234,0.0045837302568315,0.0088374529246568,0.16077624202599,0.01838477631085,4.0,8.0,5.0,5.0,6.0,True,180
181,181.3,230.09,101.77,200.05,1.0,0.0,1.0,48.942619808531,8.4105268533291,137.13307189941,0.041072,-0.002663,-0.4593716732051,-2.2261568855105,4.3170605037751,4.8565934629776,0.07926368738017,0.093216033340129,-0.57418311812021,0.42820506642811,9.7993080008345,-0.60380080841882,0.026403907049634,9.8068667303595,0.0018567689946843,0.0064910807657214,0.0076754598188157,0.001832539702137,0.0061712633883117,0.0079399116278204,0.16077624202599,0.01838477631085,4.0,8.0,5.0,5.0,6.0,True,181
182,181.5,231.46,90.02,191.64,1.0,0.0,1.0,48.942617623378,8.4105332277988,137.14489746094,0.040385,-0.001775,-0.4585706732051,-2.1842304692702,4.2515915629124,4.7792611576917,0.074617917854834,0.09384868243691,-0.80646392920806,0.49249938750883,9.8310076491637,-0.82820535119402,0.09260674969185,9.8411549733599,-0.0048156983839092,0.0079752404146356,0.006067213988377,-0.0048301686599517,0.0077219225814261,0.0063764314738152,0.16077624202599,0.01838477631085,4.0,8.0,5.0,5.0,6.0,True,182
183,181.71,232.9,77.7,182.87,1.0,0.0,1.0,48.942615690185,8.4105388957087,137.15524291992,0.040036,-0.000789,-0.4580786732051,-2.1358762944439,4.1627017724905,4.6781049683252,0.073413976162352,0.092552374628494,-1.1224153051575,0.40156908161744,9.7339510543112,-1.1353665987606,0.0094367191430151,9.7408298527738,-0.0041694745839598,0.0097241283395701,0.0042594048322923,-0.004176184262934,0.0095445628747971,0.0046417072163928,0.16077624202599,0.01838477631085,4.0,8.0,5.0,5.0,6.0,True,183
184,181.92,234.41,64.77,173.73,1.0,0.0,1.0,48.942613805415,8.4105444159855,137.16496276855,0.039678,3.7e-05,-0.4575566732051,-2.0822368791556,4.0534316151903,4.556339200081,0.076072288593912,0.086956134870183,-1.2793365936015,0.38847926622537,9.7162891129956,-1.2840077058361,0.0005565919377018,9.7235004659546,-0.0041064001483063,0.0093304331036362,0.0043119679971287,-0.0041087018355374,0.0091509700954091,0.0046787983811784,0.1544668249172,0.01838477631085,4.0,8.0,5.0,5.0,6.0,True,184
185,182.15,236.0,51.2,164.19,1.0,0.0,1.0,48.942611839846,8.4105504115086,137.17546081543,0.039029,0.000571,-0.4574926732051,-2.0137639174236,3.9244023485542,4.4103109302222,0.07305210973938,0.080157776217407,-1.3887653532503,0.41128921856106,9.7544410320708,-1.3857228795167,0.027048158095119,9.7635359188038,-0.0057470469499157,0.0044056963005766,0.001620169026522,-0.0057470396827987,0.0043379613750135,0.0017954718107225,0.1544668249172,0.01838477631085,4.0,8.0,5.0,5.0,6.0,True,185
186,181.86,237.03,38.1,155.2,1.0,0.0,1.0,48.942610108743,8.4105556460155,137.1808013916,0.038451,0.00096,-0.4573516732051,-1.9506642172743,3.7965536234257,4.2677302783278,0.073399501852968,0.080597450566372,-1.4972056481225,0.33443734588353,9.8180899838514,-1.4892858417598,-0.046086001997479,9.824919141656,-0.0048949041306638,0.0026903356761696,0.0021422084234795,-0.0048930856881351,0.0026052777071076,0.0022493468886575,0.1544668249172,0.01838477631085,4.0,9.0,5.0,5.0,6.0,True,186
187,181.55,238.12,24.32,145.81,1.0,0.0,1.0,48.942608314455,8.4105612025395,137.18446350098,0.038654,0.001399,-0.4573686732051,-1.8797119956978,3.6446858668887,4.1001357839384,0.077057371089672,0.080986807877575,-1.6085700707089,0.33681998636857,9.7717510122132,-1.5970182156916,-0.040739316705008,9.7793868270944,0.0011820190320186,0.0038581556616461,0.0019349372397955,0.0011844107989647,0.0037805504315892,0.0020807264858807,0.1544668249172,0.01838477631085,4.0,9.0,5.0,5.0,6.0,True,187
188,181.23,239.27,9.8,135.99,1.0,0.0,1.0,48.94260675634,8.4105660669031,137.18597412109,0.038805,0.001793,-0.4576786732051,-1.8041718143371,3.5045072556401,3.9410196574682,0.070482371659476,0.079901182317101,-1.6631582294058,0.44341005112614,9.7935147544277,-1.6479436717501,0.063446713217253,9.8059335636181,0.0011796188779165,0.0041777910367469,-0.00033555532448741,0.0011791800177386,0.0041877343361792,-0.00017490123879917,0.1544668249172,0.01838477631085,4.0,9.0,5.0,5.0,6.0,True,188
189,180.89,240.48,0.0,125.7,1.0,0.0,1.0,48.942605282437,8.4105707666596,137.18539428711,0.03799,0.002436,-0.4579706732051,-1.7209178893893,3.3572801637614,3.7721747193643,0.059846598545077,0.077245410699645,-1.7455875260377,0.43194408760856,9.7520772778606,-1.7250488227995,0.057536391356146,9.765137581508,-0.0059000897420504,0.0056568368446019,-0.00035685842583159,-0.0059004104092769,0.0056663242627484,-0.0001261221485105,0.1544668249172,0.01838477631085,4.0,9.0,5.0,5.0,6.0,True,189
190,180.54,241.75,0.0,114.91,1.0,0.0,1.0,48.942603720055,8.4105756347394,137.18357849121,0.036794,0.002746,-0.4582956732051,-1.62919931951,3.1815734236895,3.5740427096097,0.054012215312798,0.068884946823047,-1.9126754464993,0.33386108631446,9.7098084695887,-1.8875541661446,-0.029078776165839,9.7204612994838,-0.0094992516679292,0.0027030818906868,-0.00066671532678429,-0.0095006726335413,0.0027263138903449,-0.000539310654513,0.1544668249172,0.01838477631085,4.0,9.0,5.0,5.0,6.0,True,190
191,180.91,243.17,0.0,108.18,1.0,0.0,1.0,48.942602387019,8.4105798344622,137.17887878418,0.036231,0.002467,-0.4588456732051,-1.5470953766238,3.0114892996844,3.3852072256257,0.054291278389248,0.063052948832047,-1.9364082482868,0.30271401749492,9.7872723925911,-1.9110422025702,-0.055018274249256,9.7967975121848,-0.0048524323830097,-0.0023877668803199,-0.0030492042029963,-0.0048605080802669,-0.0022753493637714,-0.0031203158919787,0.1544668249172,0.01838477631085,4.0,9.0,5.0,5.0,6.0,False,191
192,181.29,244.64,0.0,101.26,1.0,0.0,1.0,48.942601115759,8.4105837438056,137.17683410645,0.036358,0.002359,-0.4593776732051,-1.4646057467733,2.8375051860318,3.1927130676941,0.055637039213588,0.06186100978612,-1.9127937149684,0.29569904937596,9.7917161923385,-1.8885998585211,-0.060503269243038,9.8006963620788,0.00030107693984699,-0.0020683518580116,-0.0035639972489462,0.00029209249273697,-0.0019375408161813,-0.0036371716677965,0.1544668249172,0.01838477631085,4.0,9.0,5.0,5.0,6.0,False,192
193,181.68,246.16,0.0,94.15,1.0,0.0,1.0,48.942599796919,8.4105878196978,137.17370605469,0.036737,0.002098,-0.4600306732051,-1.3856245830716,2.6762462607498,3.0131857226275,0.054446273773219,0.054118440738825,-1.4236497904253,0.35079076770085,9.7336598792543,-1.4017156088127,-0.0050202591445536,9.7432052001425,0.0039311660809466,-0.0028492372412759,-0.0043261235085524,0.0039212053855457,-0.0026892049773298,-0.0044357638645744,0.14807092894961,0.014866068747319,4.0,9.0,5.0,5.0,6.0,False,193
194,182.08,247.72,0.0,86.83,1.0,0.0,1.0,48.94259864406,8.4105913648907,137.17184448242,0.036414,0.00168,-0.4603306732051,-1.329320834622,2.5733449899491,2.8960070796205,0.048363761879837,0.050217894705147,-1.0046360911821,0.39024584193293,9.7243166096306,-0.98618883890771,0.034583964209779,9.7340241043991,-0.0021005769897636,-0.0038284894423153,-0.0021347526760361,-0.0021050713626489,-0.0037478737488638,-0.0022697315440468,0.14807092894961,0.014866068747319,4.0,9.0,5.0,5.0,6.0,False,194
195,182.5,249.34,0.0,79.29,1.0,0.0,1.0,48.942597519683,8.4105948328262,137.16316223145,0.036215,0.000499,-0.4607356732051,-1.2921342336789,2.5046248151125,2.8179384909438,0.044473149659095,0.042602350362571,-0.65190363993167,0.31467610000511,9.8006021430273,-0.64102963751999,-0.041338617222399,9.8063898059075,-0.0013549023956626,-0.01089702044523,-0.0026319373546224,-0.0013580792796189,-0.010794309423896,-0.0030235576308604,0.14807092894961,0.014866068747319,4.0,9.0,5.0,5.0,6.0,False,195
196,182.92,251.02,0.0,71.54,1.0,0.0,1.0,48.942596316733,8.4105985864759,137.15324401855,0.035797,-0.000938,-0.4611046732051,-1.2664574945782,2.4539416351467,2.7611425488923,0.042842316705191,0.042440424683395,-0.4416472994929,0.34315644591562,9.8117554614253,-0.44363911864691,-0.010546542209771,9.8177403281123,-0.0037880309366012,-0.013060198593229,-0.0017479634254891,-0.0037880176677638,-0.012988636224538,-0.0022190456815987,0.14807092894961,0.014866068747319,4.0,9.0,5.0,5.0,6.0,False,196
197,183.36,252.76,0.0,63.55,1.0,0.0,1.0,48.942595222901,8.4106019451949,137.14976501465,0.035683,-0.00201,-0.4613476732051,-1.248499462738,2.4212801049207,2.7239143882089,0.040469683288319,0.043857477616286,-0.32288221751201,0.34261144729919,9.8348361231999,-0.33657315143856,-0.0094304146926285,9.840392525534,-0.0014542165650015,-0.011010542460037,-0.0011207313071458,-0.0014525622215683,-0.010963315523477,-0.0015156012899615,0.14807092894961,0.014866068747319,4.0,9.0,5.0,5.0,6.0,False,197
198,183.81,254.56,0.0,55.32,1.0,0.0,1.0,48.942594153627,8.4106052812998,137.14463806152,0.035616,-0.002604,-0.4614186732051,-1.2330941319631,2.392840034089,2.6915965167058,0.038890502788916,0.048407621833732,-0.3024975021046,0.32438831173734,9.8870168800066,-0.32470397981773,-0.028258522882931,9.8916093189924,-0.00030447343024512,-0.006398331333503,0.00053612441979429,-0.0003058312448207,-0.0064132883247621,0.00030723193713462,0.14807092894961,0.014866068747319,4.0,9.0,5.0,5.0,6.0,False,198
199,184.28,256.43,0.0,46.83,1.0,0.0,1.0,48.942592971521,8.4106088681479,137.14463806152,0.035742,-0.002694,-0.4612816732051,-1.2176277812068,2.3619056883645,2.657009959536,0.038908170011287,0.053550138697789,-0.29451483087758,0.3370337974952,9.8373057205677,-0.31974629827441,-0.014231641210991,9.8422850104965,0.0010167042047034,-0.0022427556221213,0.0017094455889768,0.001012334404555,-0.0023022982172477,0.0016309332799877,0.14807092894961,0.014866068747319,4.0,9.0,5.0,5.0,6.0,False,199
200,184.76,258.37,0.0,38.08,1.0,0.0,1.0,48.94259190843,8.4106121195358,137.13661193848,0.035945,-0.002767,-0.4611946732051,-1.2006370975765,2.3344435916912,2.6248530467048,0.036100099554556,0.055452297786821,-0.29231104030781,0.38220188375885,9.821992197238,-0.31872588232552,0.029380818278343,9.8285654065577,0.00086618517496975,-0.0013846451207938,0.0024733232725926,0.00085952097438544,-0.0014725647537289,0.0024242598626423,0.14807092894961,0.014866068747319,4.0,9.0,5.0,5.0,6.0,False,200
201,185.25,260.38,0.0,29.05,1.0,0.0,1.0,48.942590868592,8.4106153290887,137.13117980957,0.035959,-0.002617,-0.4611156732051,-1.1834002526448,2.3104817969894,2.5957203431578,0.031605818798765,0.053854622395644,-0.26179962339651,0.36502433662391,9.7836481506226,-0.28814320304522,0.013491882001169,9.789707859121,0.0010455068076339,0.0013596259124907,0.0020298158137778,0.0010398613813855,0.0012859461631803,0.0020800517504453,0.14807092894961,0.014866068747319,4.0,9.0,5.0,5.0,6.0,True,201
202,185.76,262.47,0.0,19.73,1.0,0.0,1.0,48.9425897498,8.4106188290972,137.12351989746,0.036164,-0.00256,-0.4610036732051,-1.1686835751414,2.2831127057389,2.5646582654305,0.030871513475787,0.046140983829103,-0.26669404982077,0.32463643999707,9.7077627225478,-0.29176657634244,-0.025603209712697,9.7124345419529,0.0020705630910584,0.00044317437773723,0.0023624268960958,0.0020644121717221,0.00035767741693254,0.0023821191336344,0.14807092894961,0.014866068747319,4.0,9.0,5.0,5.0,6.0,True,202
203,186.29,264.65,0.0,10.1,1.0,0.0,1.0,48.942588741272,8.4106219471932,137.12066650391,0.036332,-0.00301,-0.4608556732051,-1.1539223455753,2.2582003494743,2.5357765979198,0.029037010329669,0.039035626976931,-0.27871007697141,0.37402716183237,9.7895107005367,-0.30609496401623,0.019004184089379,9.7958184146645,0.0017011019212883,-0.003662105384296,0.0026627705190329,0.0016940445304523,-0.0037562595973156,0.0025326959103976,0.1424254190796,0.014142135623731,4.0,9.0,5.0,5.0,6.0,False,203
204,186.84,266.91,0.0,0.14,1.0,0.0,1.0,48.942587746307,8.4106250244352,137.11968994141,0.036483,-0.003584,-0.4607396732051,-1.1377118947812,2.2334176675823,2.5063666402493,0.025880957458429,0.040718185399165,-0.27073364149353,0.37881888021589,9.8353009150508,-0.30291823484505,0.020538746809688,9.8416335171806,0.0014265882221271,-0.00541641107388,0.0021346410614154,0.0014203175057187,-0.0054905004543967,0.0019403895182684,0.1424254190796,0.014142135623731,4.0,9.0,5.0,5.0,6.0,False,204
205,178.27,210.29,276.22,343.7,1.0,0.0,1.0,48.942586668331,8.4106283840025,137.11351013184,0.036053,-0.003817,-0.4606356732051,-1.1181559069041,2.207387669172,2.4743529307752,0.020288020537154,0.045749023539059,-0.25371655885358,0.3780236971275,9.8331131836013,-0.29033845124181,0.021243116817626,9.8393485035249,-0.003630722637637,-0.0015638608639109,0.001429333332041,-0.0036356900519823,-0.0016147692738427,0.0013572262267511,0.1424254190796,0.014142135623731,4.0,9.0,5.0,5.0,6.0,True,205
206,178.29,210.56,273.7,341.82,1.0,0.0,1.0,48.942585686442,8.4106313906312,137.10926818848,0.035872,-0.00362,-0.4604566732051,-1.1023346910144,2.180951382191,2.4436364661599,0.018221875607865,0.048985627985313,-0.29966687512759,0.34554747491343,9.8463459259475,-0.33614972392082,-0.0089170488941559,9.8512334018819,-0.0019651766534386,0.001589416699907,0.0016938281253378,-0.0019716675262986,0.001527428544019,0.0017421471276493,0.1424254190796,0.014142135623731,4.0,9.0,5.0,5.0,6.0,True,206
207,178.31,210.82,271.14,339.9,1.0,0.0,1.0,48.942584616902,8.4106346443317,137.10305786133,0.035894,-0.003184,-0.4601196732051,-1.0854841177698,2.1447479006449,2.4037106654158,0.019850411589975,0.048932831077307,-0.36469349158485,0.35139543971413,9.7808162438627,-0.39762018558574,0.00024340610938531,9.7858530925726,0.00012576487415854,0.0033221902500949,0.0028604751542957,0.0001158344670624,0.0032174434169224,0.0029779404267403,0.1424254190796,0.014142135623731,4.0,9.0,5.0,5.0,6.0,True,207
208,178.33,211.09,268.54,337.96,1.0,0.0,1.0,48.942583664517,8.4106375501188,137.09924316406,0.035898,-0.00313,-0.4599026732051,-1.0645300215012,2.1077798404976,2.3612779846169,0.018080143720435,0.047979746404452,-0.40374216917955,0.38189046697762,9.8035660484755,-0.4350462626154,0.02988204801316,9.809621157144,0.00020715123230189,0.0011822983230518,0.0023659222265541,0.0001994690243049,0.0010966465244275,0.0024074174073819,0.1424254190796,0.014142135623731,4.0,9.0,5.0,5.0,6.0,True,208
209,178.35,211.37,265.9,335.99,1.0,0.0,1.0,48.942582733907,8.410640411178,137.09210205078,0.035912,-0.002845,-0.4598036732051,-1.0417338340376,2.0661917462318,2.3138900670975,0.01646039365619,0.045699872735839,-0.46948072270045,0.35884439325625,9.7821051280938,-0.49889990269438,0.0070526765281164,9.7872314885412,-0.00055721413584526,0.0028852328046997,0.0016361458805719,-0.00056244761030925,0.002824562360339,0.0017372433813058,0.1424254190796,0.014142135623731,4.0,9.0,5.0,5.0,6.0,True,209
210,177.21,202.2,245.81,321.15,1.0,0.0,1.0,48.942581733605,8.4106434685452,137.08666992188,0.036001,-0.002549,-0.4594846732051,-1.0129396838315,2.0120976675848,2.2526321409352,0.015249890526901,0.043741064059419,-0.58637286093427,0.36277186672433,9.8136046195635,-0.61266263974269,0.0099646037202316,9.8187093573388,0.0011912313469767,0.0023789178278278,0.0026280498515364,0.001183985241889,0.0022829814504159,0.0027148195223178,0.1424254190796,0.014142135623731,4.0,9.0,5.0,5.0,6.0,True,210
211,177.31,202.42,244.14,319.94,1.0,0.0,1.0,48.942580852916,8.4106461737665,137.07922363281,0.036012,-0.002648,-0.4593546732051,-0.98470566471171,1.9559619980997,2.189794956565,0.015187378659112,0.039980007879797,-0.62794719226697,0.35130487179915,9.750032525135,-0.65337215996637,-0.00035043606055991,9.7546921413698,-0.00066926401745,-0.00064861729329084,0.0023872187008945,-0.00067545791211303,-0.00073417654188638,0.0023603607250851,0.1424254190796,0.014142135623731,4.0,9.0,5.0,5.0,6.0,True,211
212,177.41,202.64,242.44,318.71,1.0,0.0,1.0,48.942580000116,8.41064878099,137.07557678223,0.03614,-0.002532,-0.4592076732051,-0.95322112917283,1.8947997984278,2.1210109906639,0.014467312899617,0.036393102845572,-0.72767148450896,0.34117154419925,9.7873216080166,-0.7529939677971,-0.011799390050351,9.7913471983575,0.0016121671392005,0.0010264259653994,0.0016528589028515,0.0016077786332182,0.00096628494590371,0.0016928136478282,0.1424254190796,0.014142135623731,4.0,9.0,5.0,5.0,6.0,True,212
213,177.52,202.87,240.73,317.47,1.0,0.0,1.0,48.942579096473,8.4106515453701,137.07099914551,0.036693,-0.002244,-0.4591276732051,-0.91676934401945,1.8189875111835,2.0368944690118,0.015567522995452,0.03214046088708,-0.82241712902921,0.32742688768781,9.7919851664751,-0.84587813011336,-0.029472635746616,9.7954245878687,0.0045913558584154,0.0027293348573511,0.0015722490735285,0.00458738215474,0.0026700999721803,0.0016817176966886,0.13744089638823,0.015556349186104,4.0,9.0,5.0,5.0,6.0,True,213
214,177.62,203.1,239.01,316.22,1.0,0.0,1.0,48.942578314162,8.410653923016,137.06787109375,0.037273,-0.001867,-0.4590756732051,-0.87381534448572,1.7302096425645,1.9382735356769,0.016558630598529,0.034534123165534,-1.0861755001354,0.36271914821408,9.840695234081,-1.106986492026,-0.0011443931686576,9.8450933293528,0.0055497095654566,0.0044155682951762,0.0010177673768719,0.005547202827252,0.004374928132136,0.0011924197089314,0.13744089638823,0.015556349186104,4.0,9.0,5.0,5.0,6.0,True,214
215,177.73,203.33,237.26,314.96,1.0,0.0,1.0,48.942577509598,8.4106563739503,137.06144714355,0.037886,-0.001371,-0.4589166732051,-0.81100492518985,1.606895481192,1.7998924022944,0.015150100963861,0.038447876764313,-1.314813574373,0.3965629327384,9.8359186750515,-1.3307020673585,0.026658992222035,9.8417730165872,0.0052589429251317,0.004363456912693,0.0013736603890242,0.0052563883883339,0.0043088243793366,0.0015452745306669,0.13744089638823,0.015556349186104,4.0,9.0,5.0,5.0,6.0,True,215
216,177.82,203.5,236.15,314.14,1.0,0.0,1.0,48.942576844703,8.4106584119896,137.05851745605,0.037933,-0.000867,-0.4587146732051,-0.74410133590501,1.4857552878961,1.6616478715092,0.0091068736298182,0.03807962210548,-1.4019665515744,0.4533912612625,9.8029260442724,-1.413035093719,0.081927395093513,9.8114977163145,0.0011147214037086,0.0047025588049872,0.0019952856027632,0.0011123381844748,0.0046236161772152,0.002173785162142,0.13744089638823,0.015556349186104,4.0,9.0,5.0,5.0,6.0,True,216
217,177.9,203.67,235.02,313.32,1.0,0.0,1.0,48.942576242421,8.410660281155,137.05616760254,0.037312,-0.000375,-0.4587966732051,-0.67224400928971,1.3589631266373,1.516143912176,0.00090164312271966,0.03411129917548,-1.482470572826,0.42523488477756,9.7516128949149,-1.4885667763254,0.058138640126266,9.7598022501554,-0.0054939232223902,0.0044145764813166,-0.00020587677147522,-0.0054941972871844,0.0044190214223328,-4.1664353691389e-05,0.13744089638823,0.015556349186104,4.0,9.0,5.0,5.0,6.0,True,217
218,177.99,203.83,233.9,312.49,1.0,0.0,1.0,48.942575704845,8.410661960655,137.05241394043,0.036611,-0.0,-0.4586826732051,-0.60354954453293,1.2219719396998,1.3628967068578,5.8476719205337e-05,0.02739289672112,-1.5577235464502,0.32576224568406,9.7294320081445,-1.5596276708785,-0.033788646572554,9.7345527871643,-0.0058130606659496,0.0034948054771309,0.00080553993225532,-0.0058132574976448,0.003462735708894,0.00093345371306134,0.13744089638823,0.015556349186104,4.0,9.0,5.0,5.0,6.0,True,218
219,178.07,204.0,232.76,311.65,1.0,0.0,1.0,48.942575177687,8.4106635777281,137.04797363281,0.036396,0.000143,-0.4585096732051,-0.53180117531576,1.0646043682825,1.1900266591863,0.0055660335529023,0.019953997784516,-1.5733317208194,0.30871826916928,9.75120082403,-1.5725385868213,-0.04743803723009,9.7561068020353,-0.0020638173048082,0.0011789401515503,0.0016481221832429,-0.0020636504642649,0.0011180518011719,0.0016902730768315,0.13744089638823,0.015556349186104,4.0,9.0,5.0,5.0,6.0,False,219
220,178.16,204.18,231.62,310.81,1.0,0.0,1.0,48.942574753415,8.4106648774149,137.03910827637,0.036592,8.9e-05,-0.4585656732051,-0.46778516131622,0.93332441913558,1.0439719390454,0.0063159218606821,0.011296539472821,-1.3095428434092,0.36015323304895,9.6913663302809,-1.3080518394372,0.0060358021290411,9.698260140061,0.0012148220998103,-0.0012489181777923,0.00028257461939146,0.0012148314818379,-0.0012583518737911,0.00023645338518524,0.13744089638823,0.015556349186104,4.0,9.0,5.0,5.0,6.0,False,220
221,178.24,204.35,230.47,309.97,1.0,0.0,1.0,48.942574327412,8.4106661749458,137.03042602539,0.036889,-0.00103,-0.4584286732051,-0.41653453892803,0.83102788148082,0.92955663201627,0.0057298471729034,-0.0022371837005521,-0.82042668158644,0.37071891127333,9.7067475178353,-0.82533824977147,0.013685099854161,9.713499960418,0.0022069029873233,-0.0094260121665941,0.0011604869798097,0.002206636713075,-0.0094622945657804,0.00081381891985716,0.13744089638823,0.015556349186104,4.0,9.0,5.0,5.0,6.0,False,221
222,178.33,204.52,229.31,309.12,1.0,0.0,1.0,48.942573966016,8.4106672923129,137.02020263672,0.036585,-0.00192,-0.4583386732051,-0.38243311723753,0.77282393362547,0.86227095105378,0.000974421695026,-0.0059655622641088,-0.59033260915502,0.41356122947328,9.8434107144819,-0.60452048843297,0.052239335054459,9.8511750282599,-0.0017811398733631,-0.00877258094282,0.0014210209591387,-0.0017828037391894,-0.008818761150823,0.001094790729477,0.134617977997,0.019798989873223,4.0,9.0,5.0,5.0,6.0,False,222
223,178.42,204.69,228.15,308.27,1.0,0.0,1.0,48.942573618255,8.4106683355577,137.01463317871,0.036163,-0.002186,-0.4584166732051,-0.35447175145398,0.72198219705434,0.80430466613756,-0.0016039288991162,0.0010451464806361,-0.56676640302688,0.36053660620793,9.8954786823968,-0.58666882677472,0.00051738820332708,9.9009103245911,-0.0037395912208234,-0.0035253858319957,-9.6782877207477e-05,-0.0037389725315393,-0.0035196131285688,-0.00023341837430607,0.134617977997,0.019798989873223,4.0,9.0,5.0,5.0,6.0,True,223
224,178.5,204.87,226.98,307.41,1.0,0.0,1.0,48.942573206043,8.4106694488865,137.00578308105,0.036045,-0.001973,-0.4582946732051,-0.33207181244413,0.66209932328117,0.74069126780045,0.0048398527201919,0.010844660151614,-0.60456814924784,0.27285201193969,9.8929749310782,-0.62474618566338,-0.084452944060798,9.8951347673521,-0.001425308655133,0.0005390932634445,0.00091996778966163,-0.0014271967123423,0.00050558959001899,0.00093552518987951,0.134617977997,0.019798989873223,4.0,9.0,5.0,5.0,6.0,False,224
225,178.59,205.05,225.8,306.55,1.0,0.0,1.0,48.942572873462,8.4106703485972,137.00094604492,0.036584,-0.001797,-0.4581716732051,-0.30998008638374,0.60651733321632,0.68107014120966,0.0097012962231889,0.013768480432598,-0.60398404533072,0.3590566211151,9.8068480206694,-0.62224667647188,0.002722957499883,9.8122920941777,0.0043845522029132,0.00064833270423287,0.00097604630172468,0.0043826352662856,0.00061246880924911,0.001006575117361,0.134617977997,0.019798989873223,4.0,10.0,5.0,5.0,6.0,False,225
226,178.67,205.16,225.45,306.31,1.0,0.0,1.0,48.942572576036,8.4106711746973,136.99671936035,0.036885,-0.001647,-0.4581416732051,-0.28114966447782,0.55384379241319,0.62107693020584,0.007177572225431,0.009815257137312,-0.59386461092219,0.41374411265276,9.7413036213181,-0.61050067047418,0.056062998334107,9.748907918848,0.0031211118150483,0.00069273315438346,0.00062537930633087,0.0031199740644994,0.00066930517382635,0.00065557233487599,0.134617977997,0.019798989873223,4.0,10.0,5.0,5.0,6.0,False,226
227,178.74,205.27,225.09,306.06,1.0,0.0,1.0,48.942572288818,8.4106720325426,136.9912109375,0.036849,-0.00176,-0.4581896732051,-0.25005630628882,0.49920677276744,0.55832219811729,0.0034449561272717,0.0025780371191347,-0.55609511489961,0.38609067374653,9.7592385614961,-0.5726519794718,0.026096339840109,9.7658832604755,-0.00037145822606231,-0.001584183120056,0.00028276861596584,-0.00037194132658864,-0.0015934928360928,0.00022341712986685,0.134617977997,0.019798989873223,4.0,10.0,5.0,5.0,6.0,False,227
228,178.82,205.38,224.74,305.82,1.0,0.0,1.0,48.942572059468,8.4106727373624,136.98715209961,0.036508,-0.002138,-0.4580966732051,-0.22824783648837,0.45902554660751,0.51263892479253,0.0017012557938591,-0.00089237298014854,-0.3415557106288,0.37008038885561,9.7707491678798,-0.36023827375152,0.011617283933507,9.77710017648,-0.0028491174652704,-0.004334061109287,0.00055976879291833,-0.0028497321776547,-0.0043517412471885,0.00039515272427359,0.134617977997,0.019798989873223,4.0,10.0,5.0,5.0,6.0,False,228
229,178.89,205.5,224.38,305.57,1.0,0.0,1.0,48.942571837534,8.4106734189723,136.97576904297,0.036233,-0.002653,-0.4580116732051,-0.21712532143565,0.43759694742173,0.48850076467376,0.0012284533199521,-0.00250595241294,-0.18941294699531,0.36011431583494,9.813187137612,-0.21261203113026,0.0030906222612261,9.8193391795461,-0.0022891476039361,-0.0053838810580202,0.0011721175468805,-0.0022916500405626,-0.0054228984114702,0.00097051703271039,0.134617977997,0.019798989873223,4.0,10.0,5.0,5.0,6.0,True,229
230,178.97,205.61,224.02,305.32,1.0,0.0,1.0,48.942571615537,8.4106740951007,136.96794128418,0.036193,-0.002988,-0.4581466732051,-0.20954740938032,0.41809315688181,0.4676566540873,0.0030480493364901,0.0013092277047328,-0.18791159960979,0.31622064992701,9.8673075978377,-0.21593574384855,-0.041296945099498,9.871717774688,-0.00044918550899868,-0.0028131632769791,-0.00093552522476533,-0.00044606397368615,-0.0027774766543156,-0.0010378528232474,0.134617977997,0.019798989873223,4.0,9.0,5.0,5.0,6.0,True,230
231,179.04,205.72,223.66,305.08,1.0,0.0,1.0,48.942571444454,8.4106747191955,136.95855712891,0.036253,-0.002868,-0.4579736732051,-0.20035457893849,0.39656789831588,0.44428495088409,0.0043507797047976,0.0055216670819774,-0.23613023579211,0.36571758791692,9.8287817696989,-0.26482548469485,0.0092876993444323,9.834849830759,0.00046744396396015,0.00074011659288249,0.00082021821627194,0.00046492808475833,0.00070989129051006,0.00084799429494287,0.134617977997,0.019798989873223,4.0,9.0,5.0,5.0,6.0,True,231
232,179.12,205.84,223.3,304.83,1.0,0.0,1.0,48.942571288829,8.4106752870951,136.95207214355,0.036357,-0.002633,-0.4579456732051,-0.18607064210046,0.3720010560982,0.41593410975646,0.0024318692870652,0.004907447179783,-0.30331387707338,0.36835250219652,9.7971043679401,-0.33043038202479,0.012307944476972,9.8031481571461,0.00088693353104805,0.0022259412833935,1.824259947707e-06,0.00088660444778461,0.0022244230215304,8.516212024251e-05,0.13104579352272,0.01838477631085,4.0,9.0,5.0,5.0,6.0,True,232
233,179.2,205.95,222.94,304.58,1.0,0.0,1.0,48.942571130616,8.4106758596071,136.94529724121,0.036224,-0.002588,-0.4579836732051,-0.1660598101692,0.3394507474341,0.37789066934379,-0.0011329716613997,0.0021480747603949,-0.35016767968452,0.3657014191164,9.7848378357644,-0.37593668803514,0.010479162724544,9.7907117236112,-0.00090025737172711,0.00067733052806712,-0.00019317575358149,-0.00089983379279503,0.00068391070003613,-0.0001707679472366,0.13104579352272,0.01838477631085,4.0,9.0,5.0,5.0,6.0,True,233
234,179.27,206.06,222.58,304.33,1.0,0.0,1.0,48.942570994738,8.410676352258,136.94000244141,0.036187,-0.00247,-0.4578966732051,-0.14591653072736,0.30041035182016,0.3339675215341,-0.0019256384040599,0.00079697804755397,-0.41296936899163,0.36397748098886,9.7977364294228,-0.43786906609384,0.0090572655049067,9.8034127263112,-0.00023631475981259,0.0012156382611608,0.00053886537015426,-0.00023775365107775,0.001195345663085,0.00058188878689239,0.13104579352272,0.01838477631085,4.0,9.0,5.0,5.0,6.0,True,234
235,179.35,206.18,222.22,304.09,1.0,0.0,1.0,48.942570908372,8.4106767003042,136.93357849121,0.036142,-0.002328,-0.4579126732051,-0.12758697474148,0.26297840179476,0.29228887168659,-0.0018139980749359,0.00074888324198545,-0.46363926750999,0.3484428421292,9.8006840651235,-0.48732112670099,-0.0061934378324717,9.8057302826604,-0.00030638752331796,0.0015702876139246,-2.7097899480833e-05,-0.00030648570218691,0.0015702730803867,2.8903894363361e-05,0.13104579352272,0.01838477631085,4.0,9.0,5.0,5.0,6.0,True,235
236,179.43,206.28,222.01,303.93,1.0,0.0,1.0,48.942570830843,8.4106770495864,136.92457580566,0.036206,-0.00228,-0.4578796732051,-0.10034255523151,0.21224310767991,0.23473649190774,-0.0038156721776537,-0.001540691381046,-0.53486723716721,0.38671204956558,9.787093633652,-0.55730273895904,0.03227534260917,9.7934296789004,0.00037206510534192,0.00027000038585339,2.2711087045571e-05,0.00037193815933449,0.0002690138675954,3.3308433029599e-05,0.13104579352272,0.01838477631085,4.0,9.0,5.0,5.0,6.0,True,236
237,179.51,206.38,221.8,303.77,1.0,0.0,1.0,48.942570791667,8.4106772671822,136.9207611084,0.036203,-0.002164,-0.4578506732051,-0.071502592924852,0.1596607067468,0.17482199717908,-0.0064377976110839,-0.0022129379644407,-0.61691892868655,0.35925308228456,9.8147897853563,-0.63873153623071,0.0036165883341651,9.8199705153138,-0.00013188087615685,0.0012039543687838,0.00024072140607547,-0.00013251688156308,0.0011944459246028,0.0002838860098342,0.13104579352272,0.01838477631085,4.0,9.0,5.0,5.0,6.0,True,237
238,179.59,206.48,221.6,303.62,1.0,0.0,1.0,48.94257075996,8.4106774059006,136.91470336914,0.036186,-0.002061,-0.4578496732051,-0.040037512041759,0.098605630512967,0.10614692702515,-0.0076752997804632,-0.0028833485938505,-0.70611620332722,0.36606309924565,9.8026976710214,-0.72672771221496,0.011164182082709,9.8080228893746,-4.4584619991316e-05,0.00083500053889321,0.00053490258195951,-4.5741713668812e-05,0.00081509011642095,0.00056463067152403,0.13104579352272,0.01838477631085,4.0,9.0,5.0,5.0,6.0,True,238
239,179.67,206.58,221.39,303.46,1.0,0.0,1.0,48.942570751399,8.4106774546992,136.9075012207,0.036194,-0.001877,-0.4578476732051,-0.0023484284618233,0.022454864882228,0.021180256997212,-0.007819324819606,-0.0025315986978607,-0.73800385687784,0.35651773699546,9.8055913658022,-0.75718439975104,0.001698171973102,9.8106085405515,0.00039603559037602,0.0014045263844399,-0.00017046651767649,0.00039627336195565,0.0014097941678455,-0.00011878958605863,0.13104579352272,0.01838477631085,4.0,9.0,5.0,5.0,6.0,False,239
240,179.74,206.68,221.18,303.31,1.0,0.0,1.0,48.942570789656,8.4106774174886,136.90185546875,0.036194,-0.002349,-0.4578286732051,0.016032812445377,-0.013302036062398,-0.019018576786523,-0.0085026206513759,-0.003801270621164,-0.042849809910752,0.3573739689509,9.7803918328456,-0.063468059619988,0.0034432956825304,9.7868582322804,0.0004476822225288,-0.0040828673230425,1.6719227490783e-06,0.00044802639691043,-0.0040802461073963,-0.00014491867420656,0.13104579352272,0.01838477631085,4.0,9.0,5.0,5.0,6.0,False,240
241,179.82,206.78,220.97,303.15,1.0,0.0,1.0,48.942570810145,8.4106774200066,136.89782714844,0.03647,-0.003374,-0.4578916732051,0.0056097094701036,0.0075086974262698,0.0042557263237655,-0.0083512425260463,-0.0067152494434204,0.34830699437707,0.35461803870208,9.7737367662796,0.32003677713561,-0.0007885567335585,9.7811970688971,0.0021855603589633,-0.0083984566522524,-0.00042500738343903,0.0021879101157522,-0.0083773892348981,-0.00072342052725839,0.13104579352272,0.01838477631085,4.0,9.0,5.0,5.0,6.0,False,241
242,179.9,206.88,220.76,302.99,1.0,0.0,1.0,48.942570809322,8.4106774371528,136.89517211914,0.036649,-0.004004,-0.4579066732051,-0.0017661345562635,0.024157591126173,0.022449758413755,-0.0090950731679075,-0.0068280926001595,0.070387172785624,0.3716425616454,9.8091363977927,0.034230836718848,0.012998369936751,9.8163045287534,0.0016851573072233,-0.005469940161542,9.7938845644457e-05,0.001685485435361,-0.0054698788124855,-9.5574305685901e-05,0.12539936203984,0.014866068747319,4.0,9.0,5.0,5.0,6.0,True,242
243,179.98,206.98,220.55,302.84,1.0,0.0,1.0,48.942570819006,8.4106774529839,136.88902282715,0.036747,-0.003563,-0.4579346732051,0.0041893807757328,0.017117743915671,0.013502319185094,-0.011325026787251,-0.0070114949373948,-0.084314127403285,0.38415735419654,9.7890548741235,-0.12067223959172,0.024790671679174,9.7961638430485,0.00089456801826298,0.0027666809012966,-0.00050569045669692,0.00089597961095694,0.0027833713052961,-0.00040022586858289,0.12539936203984,0.014866068747319,4.0,9.0,5.0,5.0,6.0,False,243
244,180.06,207.08,220.34,302.68,1.0,0.0,1.0,48.942570839781,8.4106774586921,136.88282775879,0.03668,-0.004039,-0.4579546732051,0.006274628501954,0.019799189522361,0.014985087358086,-0.014381579718938,-0.012447528353686,0.20277686214182,0.35346103555577,9.7282620767969,0.16628616110012,-0.0036027430677388,9.7353798432744,-0.00025711811435574,-0.0049211773610231,0.00030390052168802,-0.00025778724909278,-0.0049290168309012,0.00012232842258641,0.12539936203984,0.014866068747319,4.0,10.0,5.0,5.0,6.0,False,244
245,180.14,207.18,220.13,302.52,1.0,0.0,1.0,48.942570833838,8.4106774981842,136.87759399414,0.036542,-0.004849,-0.4579636732051,-0.0041349958242512,0.042446974405402,0.039901008275297,-0.015058662629701,-0.018505099249234,0.33956134660389,0.37375289309061,9.7745056010847,0.29617355502015,0.015689600972867,9.7830706377006,-0.0014771495639108,-0.0071335523945764,0.00082272151282505,-0.0014799346177879,-0.0071588308376344,0.00055420264714848,0.12539936203984,0.014866068747319,4.0,10.0,5.0,5.0,6.0,False,245
246,180.22,207.28,219.92,302.36,1.0,0.0,1.0,48.942570814932,8.4106775729673,136.87057495117,0.036521,-0.005171,-0.4579946732051,-0.017429663710056,0.071244409822491,0.07160881616763,-0.015866287839699,-0.01586218735058,0.3764916919048,0.36279625289851,9.8516155137983,0.32753033730042,0.002992221318012,9.860049538063,0.00010614593442149,-0.0034645654604091,0.00010969491094231,0.00010622351556509,-0.0034662240023962,-1.6129469995567e-05,0.12539936203984,0.014866068747319,4.0,10.0,5.0,5.0,6.0,False,246
247,180.3,207.38,219.71,302.21,1.0,0.0,1.0,48.942570774163,8.4106776919948,136.86485290527,0.03642,-0.00534,-0.4581266732051,-0.032685805849593,0.10211608422328,0.10604298556136,-0.015841912388888,-0.0081357506512051,0.35571061593918,0.35329076671227,9.8880742993132,0.30396640531702,-0.007471341792564,9.8961068909207,-0.0011230905218639,-0.0018059609733854,-0.00060992481230277,-0.0011195203365765,-0.0017824756802683,-0.0006813218571843,0.12539936203984,0.014866068747319,4.0,10.0,5.0,5.0,6.0,False,247
248,180.38,207.48,219.5,302.05,1.0,0.0,1.0,48.942570718811,8.4106778391085,136.86006164551,0.036636,-0.005235,-0.4580836732051,-0.046850233091074,0.12759609862136,0.13515925686265,-0.014411719152189,-0.0019864505263781,0.34894484542974,0.34875325325611,9.8305470647811,0.29698929016838,-0.010654453234,9.8384318883842,0.0013378078401113,0.0010051963294267,0.00091788636414745,0.0013327258976445,0.00097090594198533,0.00096114501398733,0.12539936203984,0.014866068747319,4.0,10.0,5.0,5.0,6.0,False,248
249,180.46,207.59,219.29,301.89,1.0,0.0,1.0,48.942570655618,8.4106780286861,136.85554504395,0.036615,-0.005157,-0.4580886732051,-0.060679863323163,0.15714878558998,0.16778096039089,-0.015077769410122,-0.0018804259309549,0.34344328031853,0.3686848262846,9.7906008605127,0.2923937435893,0.010310021892979,9.799192230358,0.00028108300215604,0.0012188816195322,0.0007904668448407,0.00027678363485072,0.0011891608145069,0.00083595709469532,0.12539936203984,0.014866068747319,4.0,10.0,5.0,5.0,6.0,False,249
250,180.54,207.69,219.08,301.73,1.0,0.0,1.0,48.942570587835,8.4106782452229,136.8519744873,0.036601,-0.005113,-0.4582516732051,-0.071921855929279,0.18238985156443,0.19539044047588,-0.016167875110515,-0.0031387679389239,0.33616573462339,0.36959183652664,9.7847470806338,0.28602182169538,0.01135836264746,9.7933119271693,-9.8522539673368e-05,0.00026615515305935,-0.0012771121987538,-9.2051984004229e-05,0.00031271922153253,-0.0012670124873314,0.12539936203984,0.014866068747319,4.0,10.0,5.0,5.0,6.0,False,250
251,180.62,207.79,218.87,301.58,1.0,0.0,1.0,48.942570488,8.4106784956217,136.84539794922,0.036615,-0.005309,-0.4582306732051,-0.086906384046592,0.210462153921,0.22719448448523,-0.015156720068147,-0.0044930887921867,0.41537946974268,0.33905149883173,9.7995385529728,0.36420002619028,-0.019812141217794,9.8074200612998,-0.00014492493561954,-0.0014361251323359,0.00013877783056029,-0.00014538406353053,-0.0014402374621651,8.5387467285416e-05,0.12116517651537,0.012727922061358,4.0,10.0,5.0,5.0,6.0,False,251
252,180.7,207.89,218.66,301.42,1.0,0.0,1.0,48.942570379553,8.4106788134692,136.84039306641,0.036663,-0.005433,-0.4582536732051,-0.10572829115914,0.24795476819042,0.26914502352164,-0.01486632447486,-0.006338836786385,0.53137188388286,0.37629851685107,9.7727838863764,0.47882114574106,0.018097797038568,9.7827302735475,0.00029882886257906,-0.00096303527078611,-9.720981140694e-05,0.00029953345216034,-0.0009587971680869,-0.00013075807611746,0.12116517651537,0.012727922061358,4.0,10.0,5.0,5.0,6.0,False,252
253,180.78,207.99,218.45,301.26,1.0,0.0,1.0,48.942570239193,8.4106792443384,136.82987976074,0.036664,-0.005947,-0.4581976732051,-0.13377405091696,0.30609457034739,0.33369392210752,-0.015418419003046,-0.011179361972283,0.74808797441768,0.37137082841507,9.754083642027,0.69265696807219,0.01360848024228,9.7652542051534,-3.3520813504918e-05,-0.004608225279669,0.00015099114441871,-3.3178590785589e-05,-0.004610660765189,-1.8253310249817e-05,0.12116517651537,0.012727922061358,4.0,10.0,5.0,5.0,6.0,False,253
254,180.87,208.09,218.24,301.1,1.0,0.0,1.0,48.942570081148,8.4106797436934,136.82112121582,0.036675,-0.006777,-0.4582026732051,-0.16803957470754,0.37714505611769,0.41257257066459,-0.016110730032228,-0.015600594876092,0.93122881996797,0.36849915807105,9.7883514742299,0.86914035616285,0.0091823905524076,9.8010267432666,-0.00035968015255612,-0.0076955301688132,-2.5253707497907e-05,-0.00035749609696533,-0.0076894279038356,-0.00031014058243184,0.12116517651537,0.012727922061358,4.0,10.0,5.0,5.0,6.0,False,254
255,180.95,208.19,218.02,300.94,1.0,0.0,1.0,48.942569863426,8.4106804256712,136.81188964844,0.036569,-0.007731,-0.4582266732051,-0.21283517822698,0.4698717731788,0.51554905290471,-0.016955175353562,-0.013569947397778,1.0734337306138,0.36834699387578,9.8450121674424,1.0018295251701,0.007697687586136,9.8594763744122,-0.00090373755139227,-0.0081697511054718,-0.00027173229998678,-0.00089929245522056,-0.0081543699286955,-0.00057732167210279,0.12116517651537,0.012727922061358,4.0,10.0,5.0,5.0,6.0,False,255
256,181.29,208.69,216.15,299.54,1.0,0.0,1.0,48.942569617701,8.4106811945594,136.8073425293,0.036503,-0.008355,-0.4583876732051,-0.26067923850078,0.56733298646784,0.62411849438939,-0.017223211652591,-0.0098888719782839,1.2441346893059,0.36253755591485,9.8258919535391,1.1656468573345,0.0033862669433072,9.8422354907436,-0.0007094892222652,-0.0066232313788631,-0.0012377559072414,-0.00069742414080117,-0.0065736453936813,-0.0014844484710927,0.12116517651537,0.012727922061358,4.0,10.0,5.0,5.0,6.0,False,256
257,181.63,209.19,214.27,298.12,1.0,0.0,1.0,48.942569321448,8.4106821054777,136.80517578125,0.036561,-0.008873,-0.4585376732051,-0.31487569448813,0.67596530054009,0.74551599526237,-0.016791045446439,-0.0061546235909905,1.3424977944109,0.36758631133245,9.8255059288111,1.2579047962388,0.0084772822176975,9.843582582422,0.00030413328021803,-0.0048158487618475,-0.0012367263327476,0.00031640500168017,-0.0047674694119612,-0.0014088742675732,0.12116517651537,0.012727922061358,4.0,10.0,5.0,5.0,6.0,False,257
258,181.98,209.69,212.36,296.69,1.0,0.0,1.0,48.942568935554,8.410683293771,136.80241394043,0.036653,-0.009164,-0.4588056732051,-0.37855544141901,0.80348201118106,0.88804358615392,-0.016325996427466,-0.0015051611444683,1.4207866389813,0.35756700699071,9.8153007134058,1.3323923944285,-0.0018704066668798,9.8342048906147,0.00060962890852401,-0.0029625553381861,-0.0017741957635374,0.00062663973656668,-0.0028955562107391,-0.0018756716005862,0.12116517651537,0.012727922061358,4.0,10.0,5.0,5.0,6.0,False,258
259,182.33,210.2,210.44,295.24,1.0,0.0,1.0,48.94256853412,8.4106845462444,136.79998779297,0.036811,-0.009294,-0.4591746732051,-0.43955752840491,0.92505631675129,1.0240567277389,-0.015761249145947,2.5158434979164e-05,1.4760908452201,0.35912300310655,9.7961782159147,1.3859668152898,-0.00091790602515001,9.8159116771428,0.0011300689395865,-0.0019025810540227,-0.0033306057637157,0.0011614076112348,-0.0017788438449126,-0.0033876330319777,0.12116517651537,0.012727922061358,4.0,10.0,5.0,5.0,6.0,False,259
260,182.68,210.71,208.51,293.79,1.0,0.0,1.0,48.942568074709,8.4106859815606,136.79333496094,0.0368,-0.009653,-0.4593956732051,-0.50136568552316,1.0522012748371,1.1654213131926,-0.016985402778274,-0.00030878699899436,1.5427407874903,0.37931521905527,9.7853101051802,1.4502736209567,0.018937086444677,9.8067699699767,-0.00024114512340638,-0.0039013035200101,-0.0027596831588997,-0.00021361058376174,-0.0037971068746579,-0.0029036836898616,0.12116517651537,0.012727922061358,4.0,10.0,5.0,5.0,6.0,False,260
261,183.3,211.54,205.54,291.46,1.0,0.0,1.0,48.942567497719,8.4106877745935,136.78993225098,0.03692,-0.010115,-0.4598296732051,-0.57379500248896,1.200398402722,1.3303628815578,-0.018225900674492,0.000254457494681,1.6404417218501,0.36017390634965,9.8089459606858,1.5436667131232,-0.0016465291841814,9.8312520001609,0.00073936722652555,-0.0047703565714713,-0.0039910037162585,0.00078063981540232,-0.004619933283054,-0.004156617126883,0.11759251676871,0.013453624047074,4.0,10.0,5.0,5.0,6.0,False,261
262,172.686205405,193.626205405,653.668087762,706.838087762,1.0,0.0,1.0,48.942566902492,8.4106895943411,136.78692626953,0.037091,-0.010655,-0.4601606732051,-0.64619041397857,1.3406045568369,1.488127419796,-0.016156690031668,0.0043710680468474,1.7144337481076,0.33847415247616,9.8380985906998,1.6123842562448,-0.025534578642056,9.861128230359,0.0015890367072913,-0.0052273791268552,-0.002040163012379,0.0016116675602053,-0.0051485173385815,-0.0022152845032437,0.11759251676871,0.013453624047074,4.0,10.0,5.0,5.0,6.0,False,262
263,172.581767729,193.521767729,654.177788591,707.347788591,1.0,0.0,1.0,48.942566237837,8.4106916210739,136.78688049316,0.037407,-0.011318,-0.4606906732051,-0.72278523462144,1.4919842565401,1.6577690016659,-0.015449280117929,0.0091270972378299,1.8816915841665,0.3785912250811,9.8063109790475,1.774130912689,0.013215350974344,9.833659198417,0.0025338078193293,-0.0064698483012583,-0.0034897044669257,0.0025745079449986,-0.0063354292648047,-0.0037001311796847,0.11759251676871,0.013453624047074,4.0,10.0,5.0,5.0,6.0,False,263
264,185.19,214.09,196.44,284.33,1.0,0.0,1.0,48.942565421493,8.4106940969667,136.78797912598,0.037488,-0.012173,-0.4613846732051,-0.81100025827297,1.67268474572,1.8588371677655,-0.017887200818101,0.0095748384749799,1.9725414781623,0.41277919144656,9.7824303568887,1.8575931004539,0.046228850206209,9.8135043554322,0.00019991355876606,-0.0078698394966207,-0.0044508726292778,0.00025553906909333,-0.0076976482743891,-0.004740395812927,0.11759251676871,0.013453624047074,4.0,10.0,5.0,5.0,6.0,False,264
265,185.84,214.96,193.35,281.91,1.0,0.0,1.0,48.942564601575,8.4106966058191,136.78950500488,0.037009,-0.012688,-0.4618996732051,-0.8942583560495,1.8421144251213,2.0476061622539,-0.019824333635995,0.013999108467193,2.0490139470563,0.37724422667955,9.8150746985023,1.9271980165404,0.012005372653018,9.8469594443511,-0.0036558438604509,-0.0053375712333458,-0.0041874906099271,-0.0036013659204434,-0.0051780955057364,-0.004428903883498,0.11759251676871,0.013453624047074,4.0,10.0,5.0,5.0,6.0,False,265
266,185.88,215.24,189.95,279.42,1.0,0.0,1.0,48.942563704345,8.410699323079,136.78941345215,0.036835,-0.013036,-0.4623546732051,-0.9828161261119,2.0133914449052,2.2403921563795,-0.017844166031748,0.015445059630099,2.0616724786288,0.32709458557397,9.7658306884067,1.9363484065791,-0.033820605756638,9.7968632070616,-0.0022265161762819,-0.0039610635555495,-0.0043308734707132,-0.0021689077206106,-0.0037984672715856,-0.0045023958088518,0.11759251676871,0.013453624047074,4.0,10.0,5.0,5.0,6.0,False,266
267,185.92,215.51,186.51,276.89,1.0,0.0,1.0,48.94256262002,8.410702588604,136.78813171387,0.037066,-0.013298,-0.4630706732051,-1.0828340118317,2.2007982436135,2.4527263128836,-0.013495817695911,0.018158514297968,2.0785260658846,0.29614081393885,9.8203574917716,1.9489138959945,-0.066685490842521,9.8511259667112,0.0019884868358239,-0.0021610123264696,-0.0053969633805424,0.002060518603443,-0.0019602311194748,-0.0054459929750336,0.11759251676871,0.013453624047074,4.0,10.0,5.0,5.0,6.0,False,267
268,185.96,215.8,183.01,274.32,1.0,0.0,1.0,48.942561563151,8.410705810475,136.78619384766,0.037825,-0.013432,-0.4635766732051,-1.1748402306815,2.3705587769262,2.6457008903893,-0.0084951350412855,0.022869043476989,2.0690229190053,0.32095840160998,9.8360519841727,1.937779449249,-0.04747776456868,9.8678601919353,0.0066451580096921,-0.0020284412572629,-0.0046012937486717,0.006706772300325,-0.0018551896087448,-0.0045850093195369,0.11759251676871,0.013453624047074,4.0,10.0,5.0,5.0,6.0,False,268
269,186.0,216.09,179.46,271.72,1.0,0.0,1.0,48.942560411799,8.4107092742979,136.78210449219,0.038402,-0.013635,-0.4640436732051,-1.2595324458782,2.5432155581803,2.8379993656253,-0.011227866390374,0.02818449674988,2.0600006400284,0.45501287292788,9.8417516897627,1.9265134641392,0.079617962848278,9.8789394609515,0.00484507046896,-0.0019481023808198,-0.0044213442186389,0.0049053750003479,-0.0017783017813431,-0.0044265599081269,0.11759251676871,0.013453624047074,4.0,10.0,5.0,5.0,6.0,False,269
270,186.05,216.38,175.85,269.08,1.0,0.0,1.0,48.942559069786,8.410713369374,136.7809753418,0.038089,-0.013522,-0.4647456732051,-1.3479649823088,2.7362009388452,3.0501454699611,-0.020302586687915,0.028863915071203,2.0437542710588,0.41726351179809,9.7229642182236,1.9113722075368,0.045784134173804,9.7586787433708,-0.0018436705687451,0.00090861134466398,-0.0063213694443291,-0.0017582162784001,0.0011492175853343,-0.006306702816968,0.11759251676871,0.013453624047074,4.0,10.0,5.0,5.0,6.0,False,270
271,186.1,216.75,171.09,265.59,1.0,0.0,1.0,48.942557788319,8.4107173214565,136.77877807617,0.037335,-0.014133,-0.4652846732051,-1.4334424609879,2.9040611295863,3.2385013642353,-0.020934422858016,0.021776187431117,2.0095455676272,0.33832237007172,9.7215983919373,1.8749067289579,-0.028620381430275,9.7542953504391,-0.0069623996416776,-0.0055383843124921,-0.0058341867687136,-0.0068781991417743,-0.0053144259442412,-0.0061338515214851,0.11335784048755,0.014142135623731,4.0,10.0,5.0,5.0,6.0,False,271
272,186.15,217.13,166.23,262.03,1.0,0.0,1.0,48.942556420243,8.410721511264,136.77789306641,0.037475,-0.015048,-0.4658536732051,-1.5244636548433,3.0700164358488,3.4276447268539,-0.015833498828094,0.025457705118848,2.057810870517,0.28568443409974,9.8651321828357,1.9131486511696,-0.083593605073181,9.8979866702026,0.00091265857478244,-0.0073868985771296,-0.0063277322505015,0.001009444798275,-0.0071448975284272,-0.0065830841702282,0.11335784048755,0.014142135623731,4.0,10.0,5.0,5.0,6.0,False,272
273,186.21,217.52,161.28,258.41,1.0,0.0,1.0,48.942554802939,8.4107263596226,136.77719116211,0.038017,-0.015013,-0.4665476732051,-1.6282964340095,3.2548286834967,3.6393955412331,-0.0084370106788501,0.040496492466447,2.0837335206365,0.2992450665267,9.8729800067367,1.9353943202984,-0.073595848823164,9.907379221373,0.0044286978596206,-0.00038537719339402,-0.0064663587515683,0.0045252690831145,-0.00014092999779605,-0.0064080494830086,0.11335784048755,0.014142135623731,4.0,10.0,5.0,5.0,6.0,False,273
274,186.26,217.91,156.21,254.72,1.0,0.0,1.0,48.942553256186,8.4107310265248,136.77940368652,0.038737,-0.014786,-0.4672476732051,-1.7141026506237,3.4237586198646,3.8288595367476,-0.01030998999583,0.04907370369105,2.0168745307764,0.39711190809508,9.8239492152251,1.8705755904955,0.019484691063906,9.860850308455,0.0054199119999075,0.0011662075855037,-0.0071553741602327,0.0055248419459357,0.0014403908143643,-0.0070235530897608,0.11335784048755,0.014142135623731,4.0,10.0,5.0,5.0,6.0,False,274
275,171.757770159,194.797770159,656.746612257,714.786612257,1.0,0.0,1.0,48.94255149503,8.4107364167401,136.78369140625,0.038586,-0.014632,-0.4679546732051,-1.8005158487334,3.6050740586239,4.0296518937856,-0.01773783001518,0.049313068637678,1.9576866173966,0.39617026257772,9.69613164066,1.8151349096674,0.020994789221694,9.7318805117578,-0.0014974048609695,0.00058386667151535,-0.0070853126625134,-0.0013936713860956,0.00085744901990763,-0.0070781298595839,0.11335784048755,0.014142135623731,4.0,10.0,5.0,5.0,6.0,False,275
276,171.785158609,194.825158609,657.048897912,715.088897912,1.0,0.0,1.0,48.942549816939,8.4107415736473,136.78837585449,0.038507,-0.014606,-0.4686526732051,-1.8833125569037,3.7662643027363,4.2108482299692,-0.019278929804884,0.044076599995528,1.9304273245765,0.30393477185046,9.7257388062653,1.7875742788543,-0.070943476197314,9.7574904120324,-0.00036245730590279,0.00081369230912732,-0.0078023347262469,-0.00024856377872205,0.0011136387208529,-0.0077695982822037,0.11335784048755,0.014142135623731,4.0,10.0,5.0,5.0,6.0,False,276
277,186.04,219.01,134.23,238.47,1.0,0.0,1.0,48.942548062538,8.4107469319363,136.79187011719,0.038728,-0.014804,-0.4694566732051,-1.9694384955806,3.9184669697873,4.3855308490036,-0.014328813735996,0.042932594161239,1.8644620586937,0.28657740326954,9.7958446949957,1.7205622199121,-0.091637499130401,9.8258983034698,0.0023289429724615,-0.0027020744833137,-0.0089491441386135,0.0024614594137373,-0.0023546280007449,-0.0090116944385572,0.11335784048755,0.014142135623731,4.0,10.0,5.0,5.0,6.0,False,277
278,185.9,219.38,125.43,231.96,1.0,0.0,1.0,48.942546047808,8.4107530700815,136.79647827148,0.039378,-0.015479,-0.4703206732051,-2.0594647733007,4.0845963914832,4.5744027286307,-0.013091755897389,0.055737938122584,1.893618411998,0.33953012486028,9.8896523083229,1.7428998707385,-0.047157853741609,9.923031092436,0.0052115508030539,-0.0050008335110486,-0.0088374812138881,0.005348202370674,-0.0046516659780128,-0.0089455756146244,0.11335784048755,0.014142135623731,4.0,10.0,5.0,5.0,6.0,False,278
279,185.75,219.75,116.35,225.27,1.0,0.0,1.0,48.942544129199,8.4107588607245,136.80126953125,0.039701,-0.014906,-0.4711466732051,-2.1348883827951,4.2352513259957,4.7428657791559,-0.017876314530291,0.066117787719666,1.7488750968875,0.44397733101475,9.8542031668513,1.5990971505217,0.053709693093276,9.889472536604,0.002009706816652,0.0042192471672692,-0.0089670361080908,0.0021426705996416,0.0045707220134562,-0.0087594631734724,0.11335784048755,0.014142135623731,4.0,10.0,5.0,5.0,6.0,False,279
280,179.88,195.74,645.11,671.72,1.0,0.0,1.0,48.942542143079,8.410764831959,136.8020324707,0.038581,-0.013642,-0.4720856732051,-2.1952911424339,4.3662104576666,4.8869528743515,-0.027767587664469,0.070598769475899,1.4640756604781,0.39538900970297,9.8487264870602,1.323658032214,0.010334413368324,9.8766071355131,-0.008871577246318,0.0099569059912082,-0.010321638721279,-0.0087300945583771,0.010352026894961,-0.010047314006493,0.11119802156513,0.015556349186104,4.0,10.0,5.0,5.0,6.0,False,280
281,179.43,195.15,646.98,672.83,1.0,0.0,1.0,48.942539912758,8.4107715661449,136.8056640625,0.037962,-0.01237,-0.4730966732051,-2.2654172931445,4.4880234574651,5.0273082653922,-0.025675923186042,0.070074946948921,1.4125106756743,0.24106304052979,9.7417851403599,1.2862326935166,-0.13219389152932,9.7613883963502,-0.0061142501745894,0.0098111098030622,-0.010395498963101,-0.0059844205293013,0.010201840373715,-0.010090334332059,0.11119802156513,0.015556349186104,4.0,10.0,5.0,5.0,6.0,False,281
282,178.98,194.56,648.82,673.92,1.0,0.0,1.0,48.942537832339,8.4107778297258,136.80711364746,0.038222,-0.012201,-0.4738756732051,-2.336284443509,4.5980822509736,5.1575501639474,-0.017122575955032,0.060506577403518,1.50591014212,0.28406958663231,9.7793502773833,1.3856375825448,-0.088388008954302,9.8008441469505,0.0026287403749735,0.0013083730715638,-0.0088168838402166,0.0027362657651724,0.0016430689352491,-0.0087290798430619,0.11119802156513,0.015556349186104,4.0,10.0,5.0,5.0,6.0,False,282
283,178.53,193.98,650.64,674.99,1.0,0.0,1.0,48.942535682048,8.4107842742797,136.81050109863,0.03881,-0.011805,-0.4746986732051,-2.4050913054512,4.7232183510085,5.3002797357682,-0.017286247271141,0.061668307404474,1.6831706189314,0.43959054130285,9.7459871459228,1.5660209143774,0.063809996882305,9.7751943831855,0.0048264392954434,0.0031986267251007,-0.0087665506989929,0.0049296728737113,0.0035339808948419,-0.0085783314393163,0.11119802156513,0.015556349186104,4.0,10.0,5.0,5.0,6.0,False,283
284,178.06,193.41,652.43,676.04,1.0,0.0,1.0,48.942533261435,8.410791564063,136.81387329102,0.038019,-0.011216,-0.4757566732051,-2.4765928310232,4.8736897939356,5.4667702989105,-0.027679311165901,0.056787185586069,1.6747786914843,0.43239551479855,9.7538367807191,1.5616464558165,0.05844032075239,9.7819696195536,-0.0052408309572857,0.0062387707612785,-0.010674070977546,-0.0051200749324263,0.0066428432641074,-0.010486989122852,0.11119802156513,0.015556349186104,4.0,10.0,5.0,5.0,6.0,False,284
285,177.6,192.85,654.21,677.08,1.0,0.0,1.0,48.942530988437,8.4107983974007,136.81802368164,0.037663,-0.010546,-0.4767276732051,-2.5520636720335,5.011016044664,5.6233862966369,-0.029106312720337,0.057360124445617,1.6571440882761,0.23943504257355,9.8122685332038,1.5497537989638,-0.13168522945587,9.8318729218284,-0.0026674298388222,0.0067258047159532,-0.0098097690851415,-0.0025623540841134,0.007092056626326,-0.0095781853400383,0.11119802156513,0.015556349186104,4.0,10.0,5.0,5.0,6.0,False,285
286,177.35,192.52,656.43,679.81,1.0,0.0,1.0,48.94252864051,8.4108054000777,136.82368469238,0.038346,-0.010478,-0.4777906732051,-2.634465936473,5.1400258490331,5.775801105005,-0.020946743907492,0.056852638238434,1.6729778535606,0.2743203345844,9.7725867844574,1.5703703780047,-0.097473958804869,9.7929811174842,0.0054727534160963,3.5396147487584e-05,-0.0099411512291641,0.0055767350965646,0.00041317761947213,-0.009876946844748,0.11119802156513,0.015556349186104,4.0,10.0,5.0,5.0,6.0,False,286
287,177.11,192.19,658.64,682.51,1.0,0.0,1.0,48.942525988992,8.4108133244723,136.83131408691,0.038227,-0.010742,-0.4788156732051,-2.7134148675575,5.2892310717543,5.9445716698598,-0.025515086618895,0.057577187093821,1.6319403273819,0.39654637002103,9.8187446641977,1.527091235958,0.021096420020848,9.8435725783434,8.4158654191266e-05,-0.0014864587368825,-0.0096619450281506,0.00018774189589153,-0.0011162738263413,-0.009710900670379,0.11119802156513,0.015556349186104,4.0,10.0,5.0,5.0,6.0,False,287
288,176.86,191.86,660.83,685.18,1.0,0.0,1.0,48.942523507377,8.4108207165539,136.8383026123,0.038228,-0.010079,-0.4798416732051,-2.7839339538558,5.4172703762289,6.0906760885086,-0.027948409183355,0.064275652038439,1.5011118845522,0.29052841631923,9.8359204207357,1.3983297516643,-0.084975950033743,9.8549980474212,0.0010335297533972,0.006148854402841,-0.010319607807753,0.0011388160919617,0.0065380928124078,-0.010066682564092,0.11119802156513,0.015556349186104,4.0,10.0,5.0,5.0,6.0,False,288
289,176.62,191.54,663.0,687.82,1.0,0.0,1.0,48.942520717065,8.410829024309,136.84530639648,0.039069,-0.010316,-0.4806026732051,-2.8590894443804,5.5352368557093,6.2299923659826,-0.021531170176584,0.063408369508687,1.2820280272261,0.25688232721691,9.7723842458333,1.1824790091754,-0.12119388825588,9.7875620243544,0.0069588508017094,-0.0024924000497109,-0.0071722687440258,0.0070323637373302,-0.0022139709558584,-0.0071944425148009,0.11119802156513,0.015556349186104,4.0,10.0,5.0,5.0,6.0,False,289
290,182.64,215.56,280.55,358.13,1.0,0.0,1.0,48.942518127479,8.4108367113589,136.85154724121,0.039556,-0.010991,-0.4811216732051,-2.9113700914928,5.6317036389168,6.3396858752383,-0.023422726535198,0.062744788573468,1.1542119738559,0.45153905526808,9.8508182867475,1.049350832015,0.063897427733008,9.8726803647302,0.0041616818957895,-0.0065010616247009,-0.0057316154679585,0.0042248584689336,-0.0062710856056049,-0.0059401679836117,0.10837435120913,0.0162788205961,4.0,10.0,5.0,5.0,6.0,False,290
291,175.857450619,190.697450619,666.580403959,691.880403959,1.0,0.0,1.0,48.9425155092,8.410844525207,136.85636901855,0.038752,-0.010981,-0.4814456732051,-2.9527032315093,5.722322546457,6.4391327610813,-0.031485741744775,0.068943146609648,1.0966207481513,0.42022826505461,9.8482513167379,0.98860736377299,0.035380118392386,9.8685707143183,-0.005211523696685,-0.00051102133680383,-0.0042800105600009,-0.0051642582730359,-0.00034342640224502,-0.0043553351302213,0.10837435120913,0.0162788205961,4.0,10.0,5.0,5.0,6.0,False,291
292,175.485521822,190.325521822,668.633776505,693.933776505,1.0,0.0,1.0,48.942512824798,8.4108524297098,136.86236572266,0.038776,-0.011383,-0.4819026732051,-2.9956327968854,5.8013940321789,6.5290836118641,-0.032520660472646,0.070177228601729,0.98971887929169,0.32159653201376,9.8508207525548,0.879826389776,-0.060485758640814,9.8663067466333,-7.2345730099005e-05,-0.0041661995064879,-0.0045438268854102,-1.9854731973471e-05,-0.0039869022215842,-0.0047019352095135,0.10837435120913,0.0162788205961,4.0,10.0,6.0,6.0,6.0,False,292
293,182.78,217.96,257.33,342.32,1.0,0.0,1.0,48.942509802283,8.41086121468,136.87289428711,0.039248,-0.012052,-0.4821696732051,-3.0473595105069,5.880480151877,6.6231256759794,-0.025764010061437,0.079243669467109,0.99488161092125,0.29873251316933,9.8801762893107,0.87874654766472,-0.087519056632928,9.8953107855191,0.0026002978960187,-0.0052188196406446,-0.0017949564374758,0.0026232382293536,-0.0051448757071771,-0.0019666112737499,0.10837435120913,0.0162788205961,4.0,10.0,6.0,6.0,6.0,False,293
294,182.83,218.84,248.86,336.62,1.0,0.0,1.0,48.942507014611,8.4108693181701,136.88386535645,0.039934,-0.011466,-0.4826576732051,-3.0901774960382,5.9529862447435,6.7072100434078,-0.024113898617798,0.09117713234956,0.93150457063932,0.35368830457645,9.9058955117633,0.81521717589245,-0.038471992688108,9.9223828950657,0.0061062402944968,0.00466454598963,-0.0039325120535887,0.0061496709553064,0.0048167055589709,-0.003671758944892,0.10837435120913,0.0162788205961,4.0,10.0,6.0,6.0,6.0,False,294
295,182.89,219.75,240.0,330.69,1.0,0.0,1.0,48.942503889148,8.4108783372569,136.89828491211,0.040532,-0.010032,-0.4830776732051,-3.126736906259,6.0263906148416,6.7891842149792,-0.028979085741806,0.10004504384527,0.76586916340468,0.46128757423091,9.8292979641495,0.66073976452324,0.064446656275677,9.8476004627215,0.0027706371751178,0.011484213948993,-0.0027255779909303,0.0027952803785942,0.011584633158442,-0.0022267981678574,0.10837435120913,0.0162788205961,4.0,10.0,6.0,6.0,6.0,False,295
296,182.94,220.73,230.76,324.63,1.0,0.0,1.0,48.942501032904,8.4108866121013,136.90946960449,0.039663,-0.008576,-0.4832386732051,-3.1485151468551,6.0792593558237,6.8461119152055,-0.035884011678458,0.10542331829831,0.60345239536636,0.41560642556399,9.8179712616516,0.51095462195317,0.022269099486632,9.8320788313142,-0.007041540288665,0.014778245935815,-0.0016567868663471,-0.0070308864488144,0.014832726242786,-0.0011270116786253,0.10837435120913,0.0162788205961,4.0,10.0,6.0,6.0,6.0,False,296
297,183.0,221.76,221.05,318.3,1.0,0.0,1.0,48.942498157346,8.4108949356629,136.92111206055,0.039854,-0.00712,-0.4831136732051,-3.1753415709405,6.1144986594263,6.8897790855655,-0.028801151364637,0.11075426474241,0.45792962470626,0.29692368863134,9.7710301743507,0.38041846987029,-0.091563104783689,9.7785431628198,0.0016465147887779,0.014325340613736,0.0010929492504335,0.0016346166746846,0.014270894046866,0.0016701454901612,0.10837435120913,0.0162788205961,4.0,10.0,6.0,6.0,6.0,False,297
298,183.06,222.84,210.84,311.68,1.0,0.0,1.0,48.942494966672,8.4109041337587,136.93218994141,0.040126,-0.006098,-0.4829836732051,-3.1980894055818,6.1481184825242,6.9301209906465,-0.023640727230873,0.096403166698467,0.46098767865371,0.41630571678289,9.6004567791748,0.3966266723185,0.03157887118527,9.6123197464323,0.0010489155966844,0.01066230359942,0.0018923159740023,0.001033960052921,0.010577958744373,0.0023243597589594,0.10837435120913,0.0162788205961,4.0,10.0,6.0,6.0,6.0,False,298
299,183.100708459,214.850708459,670.375124385,745.905124385,1.0,0.0,1.0,48.942492039137,8.41091256707,136.9387512207,0.039859,-0.005874,-0.4828236732051,-3.2123442025887,6.1884434595554,6.9724572659109,-0.028815862341298,0.076390109201816,0.46522289665078,0.4607838649185,9.6445012678672,0.40679163409673,0.07494754446905,9.657857888215,-0.0024249300072617,0.0032091394080969,0.0027026463546143,-0.0024418704566441,0.0030986463670148,0.0028150129163528,0.10837435120913,0.0162788205961,4.0,10.0,6.0,6.0,6.0,False,299
300,183.411888724,215.161888724,670.688634327,746.218634327,1.0,0.0,1.0,48.942489082946,8.4109210402697,136.94596862793,0.039696,-0.006411,-0.4829586732051,-3.2307451253738,6.2321509818893,7.0197121877178,-0.03258633668724,0.066562301470401,0.52446801523454,0.43530566043615,9.7515091914288,0.46452452173529,0.047178826615026,9.7641506443623,-0.0019485804354919,-0.0047301011247033,0.00053944579744715,-0.0019504395978286,-0.0047479913356043,0.00033956957361283,0.10555093557141,0.014142135623731,4.0,10.0,6.0,6.0,6.0,False,300
301,183.51,226.81,176.78,290.17,1.0,0.0,1.0,48.942485823067,8.4109304487983,136.95523071289,0.039547,-0.006794,-0.4827946732051,-3.2622416294523,6.2843113442446,7.0805342266317,-0.028703895144941,0.078375472644852,0.63556555173876,0.39831840701534,9.8552771428649,0.57005744109944,0.0072008646521833,9.8673373803179,-0.0024207442602096,-0.002587928468287,0.0022053393021223,-0.0024347538084773,-0.0026732951469476,0.0020849683041659,0.10555093557141,0.014142135623731,4.0,10.0,6.0,6.0,6.0,False,301
302,183.86,228.54,164.12,282.45,1.0,0.0,1.0,48.94248282794,8.4109390696333,136.96002197266,0.039321,-0.006933,-0.4828076732051,-3.289458711215,6.3357665026035,7.1387455710496,-0.02805770630277,0.080254959817889,0.65330448500561,0.38628647467989,9.8272078261473,0.58631729669685,-0.00071878495661958,9.8390240260543,-0.0010307761978722,-0.0021554592167213,0.0006756868439345,-0.0010347000090089,-0.0021805132417005,0.00058375722408696,0.10555093557141,0.014142135623731,4.0,10.0,6.0,6.0,6.0,False,302
303,184.22,230.38,150.66,274.31,1.0,0.0,1.0,48.942479818263,8.4109477693039,136.96601867676,0.03983,-0.007298,-0.4827876732051,-3.3175642461335,6.3853311178953,7.1956933292393,-0.026149991001973,0.080800633541498,0.62712150283566,0.45115238541497,9.816670791197,0.55681608297111,0.061272361378643,9.8310899654035,0.0022272543162406,-0.0025529693991952,0.00081361586838109,0.0022219927534985,-0.0025833886547952,0.00072777739233027,0.10555093557141,0.014142135623731,4.0,10.0,6.0,6.0,6.0,False,303
304,184.6,232.34,136.33,265.73,1.0,0.0,1.0,48.942476481651,8.4109574647474,136.96716308594,0.038903,-0.007393,-0.4825436732051,-3.3392627180782,6.43594723962,7.2506014960072,-0.02953069523366,0.082949472156424,0.52238577274094,0.38054215634667,9.8352639725838,0.45025561044341,-0.0055955670832031,9.8462302247056,-0.0058786948897824,-0.0015579913774388,0.0023322327137325,-0.0058952899857897,-0.0016481098672639,0.0022264076374715,0.10555093557141,0.014142135623731,4.0,10.0,6.0,6.0,6.0,False,304
305,185.01,234.43,121.03,256.67,1.0,0.0,1.0,48.942473443985,8.4109663377581,136.96939086914,0.039443,-0.007838,-0.4822296732051,-3.3610895172169,6.4690318095828,7.2900416547232,-0.024064034291363,0.087532016945558,0.43848303821253,0.31268185141579,9.8594197644396,0.36324405186897,-0.073288898838233,9.867179494198,0.0056030675027627,-0.0040039274256431,0.004252415429883,0.0055712210131356,-0.0041677892908327,0.0041367791204484,0.10555093557141,0.014142135623731,4.0,10.0,6.0,6.0,6.0,False,305
306,185.44,236.66,104.68,247.09,1.0,0.0,1.0,48.942470364157,8.4109752256633,136.97297668457,0.040668,-0.007302,-0.4812166732051,-3.382836485943,6.4968724219776,7.3248035721705,-0.012519999909634,0.095830684357482,0.37759758982056,0.3709618164905,9.807794775871,0.30312190126129,-0.02175362699817,9.8174013783649,0.011288800016776,0.0050471311302673,0.0093945263541481,0.011215958489477,0.0046653347784101,0.0096773572774914,0.10555093557141,0.014142135623731,4.0,10.0,6.0,6.0,6.0,False,306
307,185.89,239.06,87.15,236.93,1.0,0.0,1.0,48.942466984799,8.4109850650966,136.97764587402,0.042043,-0.006528,-0.4793826732051,-3.3906908553489,6.5247616885355,7.3531795951359,-0.0076541937487051,0.092959634355109,0.27518979369206,0.52597162803231,9.8550366192334,0.20723984839308,0.11803345464569,9.8700916949643,0.012217534841305,0.0066453060340803,0.01543978565053,0.012110302874183,0.0059988027609997,0.015785914820296,0.10555093557141,0.014142135623731,4.0,11.0,6.0,6.0,6.0,False,307
308,186.37,241.63,68.31,226.15,1.0,0.0,1.0,48.94246391928,8.410994028003,136.98425292969,0.043803,-0.005462,-0.4771546732051,-3.3897531994464,6.5450794478198,7.3707877115572,-0.0037571006631886,0.10149824278949,0.18029908005888,0.56633494909795,9.8779932831135,0.12083469892813,0.14250061329731,9.8941865897858,0.016623914657372,0.010338080587021,0.020895329719329,0.016497319785986,0.0094299253723937,0.021419260668221,0.10555093557141,0.014142135623731,4.0,11.0,6.0,6.0,6.0,False,308
309,186.89,244.4,48.01,214.69,1.0,0.0,1.0,48.942460852562,8.411003022491,136.99032592773,0.044238,-0.004977,-0.4745176732051,-3.3771606032786,6.563890165072,7.3817327766505,-0.0057428106138371,0.096709860128267,0.15965128670955,0.70447483677575,9.6981241476577,0.10848534981666,0.27743646989551,9.720486377032,0.0045147537333925,0.005787403066442,0.025009376142224,0.0043830425290679,0.0046804952362023,0.025264430242742,0.10555093557141,0.014142135623731,4.0,11.0,6.0,6.0,6.0,False,309
310,187.34,247.35,27.51,204.02,1.0,0.0,1.0,48.942457486205,8.4110129285532,136.99858093262,0.044793,-0.004169,-0.4715316732051,-3.3627226320329,6.5850436678238,7.3939701886192,-0.00665279911006,0.087483969692525,0.096549353403054,0.64135909776653,9.7257970122236,0.051502695480162,0.20961428965711,9.7450704404667,0.0078269546463089,0.008993598362907,0.02624319311637,0.007704080068928,0.0078212255138117,0.026651584308791,0.10555093557141,0.014142135623731,4.0,11.0,6.0,6.0,6.0,True,310
311,187.83,250.58,5.26,192.61,1.0,0.0,1.0,48.942454418261,8.411021931124,137.00622558594,0.045615,-0.003754,-0.4685096732051,-3.3493059327023,6.5937186736863,7.395611532159,-0.0016786169978638,0.079559047830495,0.003898696386829,0.61119788383295,9.6461404326556,-0.03466774409378,0.17498297299739,9.6638700910925,0.0074193239221123,0.0053792776224976,0.030020200627349,0.007299500954512,0.0040169665976344,0.03026073194075,0.10555093557141,0.014142135623731,4.0,11.0,6.0,6.0,6.0,True,311
312,188.35,254.11,0.0,180.38,1.0,0.0,1.0,48.942451094325,8.4110318303261,137.01640319824,0.046387,-0.004376,-0.4647926732051,-3.3257100529083,6.5933761854725,7.3846515554612,0.003192887054453,0.082415221574766,-0.11350119028089,0.68870653697761,10.006355795411,-0.15500529012656,0.22831120828553,10.026887389735,0.0076219011928553,-0.0026629171303488,0.03439336216013,0.0074800537096472,-0.0042407957117434,0.034264656204605,0.10555093557141,0.014142135623731,4.0,11.0,6.0,6.0,6.0,False,312
313,188.91,257.97,0.0,167.24,1.0,0.0,1.0,48.942448097197,8.4110408272841,137.02912902832,0.046554,-0.00457,-0.4606146732051,-3.2957502433544,6.5939615297438,7.3717394813207,0.0041355884590368,0.083679266093989,-0.099696145603369,0.72319070470969,9.6698436013616,-0.14212683222483,0.27349179763784,9.6924881398245,0.0017772777892421,-0.0014413951705344,0.041080675287314,0.0015974521028961,-0.003348185190357,0.040976467885819,0.10555093557141,0.014142135623731,4.0,11.0,6.0,6.0,6.0,True,313
314,189.52,262.22,0.0,153.08,1.0,0.0,1.0,48.942445148265,8.4110498290744,137.03898620605,0.046288,-0.005022,-0.4557566732051,-3.2564390088153,6.5952487448001,7.355415245357,0.0014640170438533,0.075192391738028,-0.14874586231888,0.77516573384792,9.6889097111969,-0.19487875857551,0.32478075742229,9.7136372623304,-0.0022773922608878,-0.0025608344733058,0.047490290153072,-0.002502782877236,-0.0047616258961781,0.047308599189134,0.10555093557141,0.014142135623731,4.0,11.0,6.0,6.0,6.0,False,314
315,190.26,266.47,0.0,141.28,1.0,0.0,1.0,48.942442232881,8.4110588299634,137.04951477051,0.046584,-0.00532,-0.4507596732051,-3.2196346395329,6.5931304566167,7.3372864413494,0.0051707126489678,0.085176789097053,-0.086318842210384,0.7500017272487,9.9541339845619,-0.13821278582149,0.286880045872,9.9776550807499,0.0022287352703984,0.00017898910580765,0.049496630154993,0.0019713022808596,-0.0021201585392948,0.049463513896456,0.10555093557141,0.014142135623731,4.0,11.0,6.0,6.0,6.0,True,315
316,169.575756338,195.365756338,693.442233965,743.582233965,1.0,0.0,1.0,48.942439064375,8.4110687256974,137.0634765625,0.04682,-0.004261,-0.4450966732051,-3.1761287741745,6.5904897171246,7.3159265080859,0.0079126263739974,0.10327082958688,-0.15580258141391,0.89389402302122,9.840954629781,-0.20284684058731,0.43177277207581,9.8711944778729,-0.00093267025599282,0.011254046122898,0.05076864673572,-0.0011765795289355,0.0088624995896642,0.05123843423041,0.10555093557141,0.014142135623731,4.0,11.0,6.0,6.0,6.0,True,316
317,168.965919361,194.755919361,704.719874531,754.859874531,1.0,0.0,1.0,48.942436229964,8.4110777087399,137.0756072998,0.046582,-0.003616,-0.4401536732051,-3.1259156048479,6.5859585071263,7.2901867358742,0.001487763990542,0.10136948393649,-0.29469671770207,0.87057288279176,9.8382951156581,-0.33392663160559,0.4112882728375,9.8669652535189,-0.00045813412136976,0.008732504474468,0.048845083081391,-0.0006543950249389,0.0064472936827719,0.049197048355008,0.10555093557141,0.014142135623731,4.0,11.0,6.0,6.0,6.0,True,317
318,192.85,281.84,0.0,100.45,1.0,0.0,1.0,48.94243313787,8.4110875600292,137.08708190918,0.047673,-0.003632,-0.4340896732051,-3.0845324706013,6.5636029249546,7.2522525344065,0.01504031741016,0.10205810897372,-0.30226468731122,0.62978315460394,9.8178080480635,-0.33767097167465,0.1669833787868,9.8353961839396,0.010356588511883,0.002007812113309,0.055558596425145,0.010156677115765,-0.00061106838621027,0.055625923550211,0.10555093557141,0.014142135623731,4.0,11.0,6.0,6.0,6.0,True,318
319,193.85,288.08,0.0,84.66,1.0,0.0,1.0,48.942430373346,8.4110964925137,137.09558105469,0.049163,-0.003892,-0.4278746732051,-3.042620019009,6.5437756429942,7.2165146997391,0.027946940427442,0.090594711727199,-0.3495010134481,0.9502765224482,9.6219030405737,-0.38512480162209,0.48421614614408,9.6554166450562,0.014501665206814,-0.00067865946404132,0.06145228000225,0.014275334842543,-0.0036499366781157,0.061399310988893,0.10696261028976,0.015556349186104,4.0,11.0,6.0,6.0,6.0,True,319
320,194.94,295.03,0.0,67.57,1.0,0.0,1.0,48.942427657301,8.4111054044473,137.10327148438,0.050749,-0.004941,-0.4215196732051,-2.9884933537132,6.5278928141445,7.1794272803913,0.030310941085509,0.085741182331211,-0.34502028258321,0.88064087538988,9.726556706319,-0.38792969014508,0.39473908857302,9.7567364913347,0.015685245873638,-0.0064843455907527,0.063479174936018,0.015407468445905,-0.0096413475839812,0.063142586909126,0.10696261028976,0.015556349186104,4.0,11.0,6.0,6.0,6.0,False,320
321,196.11,302.84,0.0,48.99,1.0,0.0,1.0,48.942424214559,8.4111169514359,137.1148223877,0.052654,-0.006783,-0.4132146732051,-2.9134531434521,6.5060539603191,7.1285996868591,0.029468937476337,0.095780775595203,-0.30017453135753,1.0319325295745,9.88069551534,-0.36079853216702,0.51574298131145,9.9190946916151,0.0096593784315665,-0.0085392738149568,0.065235660433249,0.0092628364940647,-0.011927196059551,0.064754967700499,0.10696261028976,0.015556349186104,4.0,10.0,6.0,6.0,6.0,True,321
322,197.39,311.66,0.0,28.73,1.0,0.0,1.0,48.942422145108,8.4111240446183,137.12265014648,0.052191,-0.007615,-0.4083266732051,-2.8579460317909,6.4961892667965,7.0971188646546,0.018473428884629,0.09905034817739,-0.34955728492734,1.0546208978937,9.8032159717951,-0.41863091022157,0.54031045616754,9.8422991387256,-0.0023755098957002,-0.0072935724996286,0.062483934078145,-0.0028099281207567,-0.010552623686935,0.061992537994339,0.10696261028976,0.015556349186104,4.0,10.0,6.0,6.0,6.0,True,322
323,198.8,321.7,0.0,6.54,1.0,0.0,1.0,48.942419611825,8.4111328852631,137.13284301758,0.052606,-0.00875,-0.4023406732051,-2.8031078909704,6.4761408212431,7.0567779945951,0.019183314409148,0.10495795114421,-0.34407008925952,0.85904213650977,9.8493588030679,-0.42450989710381,0.34278478277199,9.8776825604032,0.0054005082749336,-0.0075749736858158,0.060770191108171,0.0049101236592509,-0.01074250354724,0.060335446770129,0.10696261028976,0.015556349186104,4.0,10.0,6.0,6.0,6.0,False,323
324,163.73,192.85,844.95,922.33,1.0,0.0,1.0,48.942416869872,8.4111425689499,137.14546203613,0.053154,-0.009483,-0.3956576732051,-2.7491573822564,6.451615420542,7.0129234078741,0.025973018872382,0.1168660382786,-0.27763694061206,0.9325802721462,9.8252090625285,-0.36769249825623,0.41103998839662,9.8579021233733,0.0035859644383281,-0.0029214927490326,0.061010195406645,0.0030307495047844,-0.0061479119872227,0.060801058782275,0.10696261028976,0.015556349186104,4.0,10.0,6.0,6.0,6.0,True,324
325,162.63,192.29,865.63,945.74,1.0,1.0,0.0,48.9424144777705,8.41115128808355,137.162017822265,0.052509,-0.008328,-0.3903506732051,-2.6919771022569,6.4356449102296,6.97615261927395,0.01803109435099,0.12501018360483,-0.28237299081716,0.94867884543066,9.8330974028183,-0.36769997959863,0.42934061147623,9.86664336949715,-0.00321617648348,0.00874812679172,0.05594127389944,-0.00370566088853,0.00578746019463,0.05629569709927,0.10696261028976,0.0155563491861,4.0,10.0,-1.0,-1.0,-1.0,True,325
326,161.48,191.71,887.06,970.02,1.0,1.0,0.0,48.942412085669,8.4111600072172,137.1785736084,0.051864,-0.007173,-0.3850436732051,-2.6347968222574,6.4196743999172,6.9393818306738,0.010089169829601,0.13315432893106,-0.28710904102225,0.96477741871513,9.8409857431081,-0.36770746094103,0.44764123455585,9.875384615621,-0.010018317405281,0.020417746332481,0.050872352392244,-0.010442071281854,0.017722832376478,0.051790335416269,0.10696261028976,0.015556349186104,4.0,10.0,6.0,6.0,6.0,True,326
327,160.29,191.11,909.27,995.23,1.0,1.0,0.0,48.942409500225,8.4111695563063,137.19760131836,0.050116,-0.004568,-0.3797946732051,-2.5804592474412,6.3963152451795,6.8972538336666,0.0064596852784737,0.13649191929726,-0.35080403117183,0.81771203467517,9.8407455259214,-0.40851095043002,0.31528131445448,9.8675377915287,-0.015255316258752,0.025342454139411,0.046438900443645,-0.015536667725167,0.022941709931914,0.047581199936875,0.10696261028976,0.015556349186104,4.0,10.0,6.0,6.0,6.0,False,327
328,158.46,190.02,931.65,1021.09,1.0,1.0,0.0,48.942407197435,8.4111782156378,137.21282958984,0.0483,-0.002631,-0.3754466732051,-2.5371032484268,6.3706843254088,6.8573201951903,0.0071233825434368,0.12593030807888,-0.31692048507268,0.75999359747641,9.6560951689581,-0.35261773881511,0.28332988806665,9.680606107078,-0.017502832333312,0.020872408478606,0.042915039964549,-0.017666974079214,0.01873076039394,0.043830979826156,0.10696261028976,0.015556349186104,4.0,10.0,6.0,6.0,6.0,True,328
329,156.54,188.89,955.05,1048.19,1.0,0.0,1.0,48.942404926758,8.4111868302012,137.22644042969,0.047132,-0.001378,-0.3717626732051,-2.4958063917192,6.3441085005725,6.8174072645762,0.0063535611864753,0.10799592408447,-0.39088271957053,0.75379312078963,9.5741270624618,-0.41102232226559,0.29504167082679,9.5984196075697,-0.012778110917929,0.014605402705295,0.03625042178573,-0.012859358053028,0.012851427979567,0.036882159180721,0.11045361017187,0.016970562748477,4.0,10.0,6.0,6.0,6.0,False,329
330,157.16,190.34,979.53,1076.6,1.0,0.0,1.0,48.942402609782,8.41119582389255,137.23596954346,0.045057,-0.0024375,-0.3693756732051,-2.4564862534248,6.3136624522535,6.7747703179404,0.00047992259687,0.08732793962104,-0.37291019003487,0.65323579823627,9.66879728595115,-0.39641390259978,0.20869901886977,9.68793568028755,-0.01592086892981,0.00112105901969,0.02748914222295,-0.01598485359875,-0.00016552036602,0.02750107160284,0.11045361017187,0.01697056274848,4.0,10.0,-1.0,-1.0,-1.0,False,330
331,157.82,191.84,1005.16,1106.44,1.0,1.0,0.0,48.942400292806,8.4112048175839,137.24549865723,0.042982,-0.003497,-0.3669886732051,-2.4171661151304,6.2832164039345,6.7321333713046,-0.0053937159927356,0.066659955157602,-0.35493766049921,0.55267847568292,9.7634675094405,-0.38180548293397,0.12235636691275,9.7774517530054,-0.019063626941686,-0.012363284665924,0.018727862660177,-0.019110349144475,-0.013182468711609,0.018119984024952,0.11045361017187,0.016970562748477,4.0,10.0,6.0,6.0,6.0,True,331
332,158.52,193.41,1032.03,1137.84,1.0,1.0,0.0,48.942398123721,8.4112133221163,137.25325012207,0.041657,-0.004651,-0.3659666732051,-2.3962903113655,6.2508786159593,6.6944547635479,-0.0033634474545443,0.064035190110078,-0.35646603439244,0.4879172649205,9.7622247311415,-0.39515033428749,0.07324928499866,9.7726895776912,-0.014132286950429,-0.011661572702202,0.010848164183935,-0.014169354915795,-0.012116655249405,0.010290691155616,0.11045361017187,0.016970562748477,4.0,10.0,6.0,6.0,6.0,True,332
333,158.82,194.68,1060.03,1170.89,1.0,1.0,0.0,48.942395746303,8.4112226233061,137.26362609863,0.039873,-0.006133,-0.3657256732051,-2.3750044838379,6.2084626860318,6.6472291408114,-0.0033958296953883,0.070171067934204,-0.39953903945147,0.36242115855702,9.9548352862839,-0.45332952304984,-0.042722033335851,9.9591164390746,-0.014768837052263,-0.012903054961909,0.0027082838482996,-0.014776571968599,-0.013007250126493,0.0021032304518988,0.11045361017187,0.016970562748477,4.0,10.0,6.0,6.0,6.0,True,333
334,159.14,196.01,1089.5,1205.92,1.0,1.0,0.0,48.942393581649,8.4112310295011,137.27729797363,0.038986,-0.006912,-0.3660116732051,-2.365386691737,6.1620686800591,6.6004646836346,0.0039348694318502,0.090455999934961,-0.43926250541651,0.37615516143737,10.046928721968,-0.50412951247068,-0.021556667745395,10.050880623826,-0.010781452888209,-0.0082685087178676,-0.0016965366048755,-0.010766433729891,-0.0081969103468766,-0.002092303484714,0.11045361017187,0.016970562748477,4.0,10.0,6.0,6.0,6.0,True,334
335,159.48,197.41,1120.57,1242.0,1.0,0.0,1.0,48.942391434164,8.4112393674939,137.2919921875,0.038227,-0.007323,-0.3666826732051,-2.3501296054946,6.1117279979366,6.5480001665234,0.0051848075056517,0.10569874491161,-0.45839555395256,0.3470471842104,9.841609979394,-0.5277865466904,-0.033181271492902,9.8442007489169,-0.0072063115911729,-0.005083243117587,-0.0067984325457457,-0.007155521542606,-0.0048188543942093,-0.0070404240938704,0.11045361017187,0.016970562748477,4.0,10.0,6.0,6.0,6.0,True,335
336,159.84,198.88,1153.35,1242.0,1.0,0.0,1.0,48.9423892144375,8.411248000567,137.303176879885,0.0374725,-0.0080995,-0.3684221732051,-2.3373908284741,6.04797616368095,6.48394250529065,0.00730811687287,0.10674024802953,-0.52986752735189,0.28778423869469,9.862152099933,-0.60592714247795,-0.08496494077453,9.8616067063805,-0.00571699143953,-0.00738036797265,-0.01283304407943,-0.00561033519834,-0.00689716852846,-0.01314253901829,0.11045361017187,0.01697056274848,4.0,10.0,-1.0,-1.0,-1.0,True,336
337,160.23,200.45,1188.0,1242.0,1.0,0.0,1.0,48.942386994711,8.4112566336401,137.31436157227,0.036718,-0.008876,-0.3701616732051,-2.3246520514536,5.9842243294253,6.4198848440579,0.0094314262400957,0.10778175114746,-0.60133950075122,0.22852129317899,9.882694220472,-0.6840677382655,-0.13674861005616,9.8790126638441,-0.0042276712878811,-0.00967749282772,-0.018867655613105,-0.0040651488540771,-0.0089754826627193,-0.0192446539427,0.11045361017187,0.016970562748477,4.0,10.0,6.0,6.0,6.0,True,337
338,161.77,203.18,1223.85,1242.0,1.0,0.0,1.0,48.942384731721,8.4112655135311,137.31904602051,0.035404,-0.010465,-0.3729726732051,-2.3027883341185,5.9067905245365,6.3397952242593,0.0012866914241635,0.10909577351935,-0.64401663250427,0.29210770592576,9.8474084014816,-0.73952042059149,-0.06355652556021,9.8448258601807,-0.012326096593663,-0.014496598344411,-0.024313675468549,-0.012082247956076,-0.013611429618522,-0.024942325800223,0.11327841806805,0.019104973174543,4.0,10.0,6.0,6.0,6.0,True,338
339,187.57,280.96,241.19,465.33,1.0,0.0,1.0,48.942382686136,8.4112734809294,137.32591247559,0.033763,-0.011322,-0.3762426732051,-2.2870610199387,5.8327337973455,6.2650986247715,-0.0045257119183255,0.11433340648305,-0.65502395648041,0.16845810209473,9.8281750472343,-0.76156708230853,-0.17281892433384,9.820462249699,-0.016917912494356,-0.0095114947697849,-0.031425481267282,-0.016569874478568,-0.0084186102680747,-0.031923278701929,0.11327841806805,0.019104973174543,4.0,10.0,6.0,6.0,6.0,True,339
340,188.68,288.46,216.13,456.58,1.0,0.0,1.0,48.942380649911,8.4112813393323,137.33184814453,0.03192,-0.011021,-0.3798086732051,-2.2774462592173,5.7536762700917,6.1880247580228,-0.0052176867079727,0.11391481776578,-0.65745063065648,0.16194712314428,9.8514977691589,-0.76676725190546,-0.16229090249496,9.843563318053,-0.017556774798162,0.00020891226692766,-0.035291628723223,-0.01716363340066,0.0013666139873189,-0.03546444197942,0.11327841806805,0.019104973174543,4.0,10.0,6.0,6.0,6.0,True,340
341,176.784081542,241.474081542,355.733240752,509.203240752,1.0,0.0,1.0,48.942378419576,8.4112898455214,137.34156799316,0.029708,-0.009276,-0.3849046732051,-2.2613702066303,5.6578016924045,6.0929855534954,-0.012767728935485,0.122716654487,-0.80972503827028,0.079071426152579,9.9734495412387,-0.91008923652909,-0.22908061157812,9.9625484679226,-0.02134851022448,0.012680803893883,-0.044717032067387,-0.020902918877536,0.014052273992604,-0.044521447042274,0.11327841806805,0.019104973174543,4.0,8.0,6.0,6.0,6.0,True,341
342,178.048246426,242.738246426,347.043362345,500.513362345,1.0,0.0,1.0,48.94237640577,8.4112974378688,137.35145568848,0.027605,-0.007087,-0.3903256732051,-2.2510665841837,5.5604874875444,5.9988615027255,-0.015609202809449,0.13612123317893,-0.93298995238888,-0.069353456006909,9.9019922238627,-1.0152637763081,-0.35456714544163,9.8880353408815,-0.021371192469234,0.020042082028521,-0.053310146464707,-0.020938095737641,0.021562653083456,-0.052891827859561,0.11327841806805,0.019104973174543,4.0,8.0,6.0,6.0,6.0,True,342
343,186.65,306.82,120.65,420.96,1.0,0.0,1.0,48.942374389223,8.4113048704326,137.36317443848,0.02691,-0.004871,-0.3966806732051,-2.2506038768895,5.4469738062782,5.8936673512382,-0.0077495303296339,0.14015960820528,-1.0524739188373,-0.24174427718945,9.7714756340971,-1.1123543850953,-0.50890761923223,9.7548010306997,-0.0079008045386316,0.020387688470881,-0.06190681496368,-0.0075314120447257,0.022068394680718,-0.06138444100056,0.11327841806805,0.019104973174543,4.0,8.0,6.0,6.0,6.0,True,343
344,165.79339821,264.49339821,366.266622908,518.606622908,1.0,0.0,1.0,48.942372176238,8.411312863135,137.37326049805,0.026945,-0.003675,-0.4044146732051,-2.2437844701316,5.3149360296355,5.769197991553,-0.0055404289840677,0.11538628033887,-1.1406205060821,-0.038355288904974,9.4932471775625,-1.1815250935178,-0.29553901004551,9.483796529868,-0.0027447951505654,0.0091077385818694,-0.069344764303286,-0.0024521342178993,0.010981920491558,-0.06908614629559,0.11327841806805,0.019104973174543,4.0,8.0,6.0,6.0,6.0,True,344
345,167.907750433,266.607750433,357.294805488,509.634805488,1.0,0.0,1.0,48.942370178735,8.4113199398447,137.3787689209,0.025612,-0.004477,-0.4118936732051,-2.2272104049927,5.189083179949,5.6468874686515,-0.012425773474842,0.077377953419794,-1.212070887717,-0.067182514912445,9.5174050085731,-1.2512403100184,-0.31636531642185,9.5073246873868,-0.010397496124434,-0.0083508721630553,-0.073812315782646,-0.010093657346556,-0.0064165911264827,-0.074042745449849,0.11327841806805,0.019104973174543,4.0,8.0,6.0,6.0,6.0,False,345
346,186.4,338.05,0.0,373.93,1.0,0.0,1.0,48.942368227506,8.411326823272,137.38383483887,0.024403,-0.005565,-0.4199456732051,-2.211522934687,5.0587427132118,5.5210447545099,-0.018008972773631,0.074731473751505,-1.1981858684165,-0.22029534764937,9.9047833517644,-1.2483313374303,-0.46743896193396,9.8900841398423,-0.010202156491419,-0.010723304622398,-0.078637064075918,-0.0098020720065378,-0.0087581673007062,-0.078928879311126,0.11327841806805,0.019104973174543,4.0,10.0,6.0,6.0,6.0,True,346
347,188.02,354.43,0.0,355.08,1.0,0.0,1.0,48.942366112926,8.4113341554148,137.38887023926,0.023695,-0.006474,-0.4293786732051,-2.1998032670921,4.9046430768939,5.3754361725777,-0.015114632085488,0.070754778861533,-1.2794728323432,-0.32380515698688,9.8935019163301,-1.3390901076213,-0.56221047496066,9.8749642516599,-0.0075657042375564,-0.0096653585621896,-0.085414609308061,-0.007047112283906,-0.0076051076934462,-0.085666670859404,0.11327841806805,0.019104973174543,4.0,10.0,6.0,6.0,6.0,True,347
348,189.82,374.06,0.0,334.13,1.0,0.0,1.0,48.942364176157,8.411340614553,137.3950958252,0.023122,-0.007258,-0.4381876732051,-2.1964329126993,4.7512226159237,5.2344724408305,-0.0004393910895386,0.074639581309524,-1.3965431367825,-0.48513558120339,9.7386546093712,-1.4617350742462,-0.7123264931274,9.7151151111612,-0.0041953267474135,-0.011522542953873,-0.087528842557944,-0.0036056732903028,-0.0094776468591043,-0.087797858915492,0.11819052415486,0.021213203435596,4.0,10.0,6.0,6.0,6.0,True,348
349,191.82,375.0,0.0,310.69,1.0,0.0,1.0,48.942361852826,8.4113480748374,137.39839172363,0.024151,-0.008629,-0.4494946732051,-2.1722651662709,4.5667453530132,5.0571311134504,-0.00025762351936742,0.077084452594207,-1.4021620026933,-0.04602570939378,9.9169119044404,-1.4827365717612,-0.28433171511939,9.9012992269759,0.0014749960898904,-0.010960592110265,-0.093985042016207,0.0022428089930662,-0.008698063268795,-0.094206422135294,0.11819052415486,0.021213203435596,4.0,10.0,6.0,6.0,6.0,True,349
350,194.09,375.0,0.0,284.31,1.0,0.0,1.0,48.942360147332,8.4113534761413,137.40048217773,0.023028,-0.009386,-0.4586996732051,-2.1368570649304,4.4296976598065,4.9181704135322,-0.016746217579964,0.083105435951568,-1.4480459484183,-0.065920998912921,9.8281740880735,-1.5356257929653,-0.29765105705022,9.8105940096442,-0.010452043803669,-0.01038009698534,-0.10045936777522,-0.0095509550576441,-0.008009897104263,-0.10076920396745,0.11819052415486,0.021213203435596,4.0,10.0,6.0,6.0,6.0,True,350
351,195.54,375.0,0.0,257.31,1.0,0.0,1.0,48.942358299709,8.4113592734495,137.40191650391,0.022639,-0.010266,-0.4689036732051,-2.108241292497,4.2626657774915,4.7555826627945,-0.017637090030138,0.089957525117031,-1.5119435645519,-0.39057006924836,9.8954256856293,-1.6086944854927,-0.61502026798705,9.8688189334944,-0.0016387204461478,-0.010390373421926,-0.10093311958622,-0.00064736020026055,-0.0080976754072517,-0.10115086593138,0.11819052415486,0.021213203435596,4.0,10.0,6.0,6.0,6.0,True,351
352,197.18,375.0,0.0,226.92,1.0,0.0,1.0,48.942356263415,8.4113653800926,137.40644836426,0.023609,-0.011275,-0.4798696732051,-2.091873251783,4.0680040846788,4.5744952285035,0.0037250313687831,0.084551020229724,-1.5293084938012,-0.43082233714751,9.8039275816524,-1.6348323179664,-0.65666889111937,9.7743786446924,0.0090731282100198,-0.010741274619294,-0.09792202590043,0.010129970755306,-0.0084827079657854,-0.09803590738371,0.11819052415486,0.021213203435596,4.0,10.0,6.0,6.0,6.0,False,352
353,199.04,375.0,0.0,192.48,1.0,0.0,1.0,48.942354392744,8.4113706383142,137.40665435790999,0.026133,-0.0116595,-0.4892506732051,-2.0745016364472,3.92615239947565,4.4409168140037,0.01166757856742,0.07823602612205,-1.28717348055135,-0.26412243487229,9.748088450553,-1.3993602102239,-0.50857628003222,9.72354986248265,0.01709879401136,-0.00463693553671,-0.09461188705666,0.01818565009064,-0.00226986787669,-0.09446690140184,0.11819052415486,0.0212132034356,4.0,10.0,-1.0,-1.0,-1.0,False,353
354,201.15,375.0,0.0,153.12,1.0,0.0,1.0,48.942352522073,8.4113758965358,137.40686035156,0.028657,-0.012044,-0.4986316732051,-2.0571300211114,3.7843007142725,4.3073383995039,0.019610125766062,0.071921032014368,-1.0450384673015,-0.097422532597072,9.6922493194536,-1.1638881024814,-0.36048366894508,9.6727210802729,0.025124459812699,0.0014674035458803,-0.091301748212898,0.026241329425982,0.0039429722124098,-0.090897895419962,0.11819052415486,0.021213203435596,4.0,10.0,6.0,6.0,6.0,False,354
355,203.59,375.0,0.0,107.71,1.0,0.0,1.0,48.942350509285,8.4113814357292,137.40699768066,0.027818,-0.010428,-0.5089576732051,-2.0119654696789,3.6754392686542,4.1900508883602,-0.011291835390668,0.063637678920715,-0.92040667561292,0.317140781153,9.8367936742826,-1.0313420825762,0.038768613408377,9.8309213087607,-0.0095113178323535,0.01230285844186,-0.094275532539795,-0.0084525430547932,0.014964707270232,-0.093974018269529,0.11819052415486,0.021213203435596,4.0,10.0,6.0,6.0,6.0,False,355
356,206.26,375.0,0.0,68.55,1.0,0.0,1.0,48.9423487217,8.4113863347472,137.4118347168,0.025739,-0.007964,-0.5184106732051,-1.9772660050375,3.5772049689819,4.0871626167735,-0.03274590225093,0.078083694738072,-0.91356417953423,-0.064895095244913,9.9159678854152,-1.0051344179837,-0.32897973045693,9.9020439032037,-0.016773115873426,0.019771744835222,-0.095291159941188,-0.01589850115741,0.022301891123194,-0.094879993780712,0.11819052415486,0.021213203435596,4.0,10.0,6.0,6.0,6.0,False,356
357,173.73,220.33,775.24,828.48,1.0,1.0,0.0,48.942346930645,8.4113910900663,137.42135620117,0.023803,-0.005883,-0.5265836732051,-1.9746067711421,3.4597732089934,3.9836927613917,-0.012870667539357,0.0917278635284,-0.91965921325494,-0.40307420137373,9.9415456216066,-0.99039768722076,-0.64946288808029,9.921824552392,-0.018220864030086,0.019628300549137,-0.082577687345356,-0.017626669114847,0.021677708255701,-0.082194142213351,0.11819052415486,0.021213203435596,4.0,10.0,6.0,6.0,6.0,True,357
358,172.77,218.38,770.57,822.85,1.0,1.0,0.0,48.942344969687,8.4113960932377,137.43304443359,0.02542,-0.00393,-0.5357456732051,-1.9724406207419,3.3245063229421,3.865695873803,0.017786378696801,0.097907779989928,-1.056188380775,-0.43969616339917,9.7756133625658,-1.1033634604026,-0.6783738492758,9.7567336518538,0.016876520372115,0.013557838093659,-0.084821716239892,0.017282974014831,0.015628607608353,-0.084408529398015,0.11892854997855,0.017691806012954,4.0,10.0,6.0,6.0,6.0,False,358
359,171.84,216.55,766.06,817.45,1.0,1.0,0.0,48.942343196663,8.4114004653359,137.44198608398,0.029646,-0.00352,-0.5433556732051,-1.9621768430754,3.201511015593,3.7548565609885,0.041253727783263,0.084277752368547,-1.0609864321274,-0.070547054788291,9.7765213908906,-1.0982433714578,-0.34152108337897,9.767153983645,0.033863228797519,0.0029618322779131,-0.077890973021353,0.034161039101612,0.0051137964316752,-0.077669305655686,0.11892854997855,0.017691806012954,4.0,10.0,6.0,6.0,6.0,False,359
360,170.96,214.79,761.71,812.27,1.0,1.0,0.0,48.942341464084,8.4114047152874,137.4499206543,0.032365,-0.00265,-0.5510326732051,-1.9210119151258,3.1039030482446,3.6501878288101,0.027896602042371,0.064402916589065,-1.040505210324,0.19495851588221,9.4726242476904,-1.0687750038175,-0.096531018666856,9.4712625439157,0.027508034360668,0.0032725233219444,-0.077381678851612,0.027738102345967,0.0056528040031057,-0.077167778401114,0.11892854997855,0.017691806012954,4.0,10.0,6.0,6.0,6.0,False,360
361,171.47,214.37,759.38,808.46,1.0,1.0,0.0,48.942339612162,8.4114092535925,137.45455932617,0.033137,-0.002997,-0.5584726732051,-1.8746811637141,2.9970913625654,3.5350845438654,0.015611084432465,0.023905840440884,-0.98842767720253,0.10112184995084,9.5663012489338,-1.0156963860656,-0.21217854602549,9.561658807358,0.0066772087465309,-0.0049416285874995,-0.067591121960667,0.0068700307883037,-0.0027300604184335,-0.067702524878003,0.11892854997855,0.017691806012954,4.0,10.0,6.0,6.0,6.0,True,361
362,171.96,213.97,757.13,804.82,1.0,1.0,0.0,48.942337992946,8.4114132337291,137.45393371582,0.03163,-0.003948,-0.5645206732051,-1.8244920293689,2.9061643859764,3.4313986829177,-0.00092904880706458,-0.0085286659075926,-1.1081778734115,0.11404146743531,9.4524627919603,-1.1392110087097,-0.19155379344762,9.4475996416343,-0.012404978230341,-0.013774065804371,-0.061769292723094,-0.012201320378929,-0.011771052426638,-0.062220844807454,0.11892854997855,0.017691806012954,4.0,10.0,6.0,6.0,6.0,False,362
363,172.42,213.58,754.96,801.32,1.0,1.0,0.0,48.942336259919,8.4114174400236,137.45161437988,0.030934,-0.005834,-0.5700556732051,-1.7835657573263,2.797531712655,3.317749799451,0.0017243795395714,0.0016231160935076,-0.88528076729096,-0.041928295653281,10.096447411594,-0.93578580304504,-0.35779498721687,10.085866228711,-0.0066607105022085,-0.016597267089169,-0.050713692284777,-0.0064097268470787,-0.014999541000655,-0.051237010031526,0.11892854997855,0.017691806012954,4.0,10.0,6.0,6.0,6.0,True,363
364,172.87,213.21,752.87,797.96,1.0,1.0,0.0,48.942334715193,8.4114211235447,137.45082092285,0.031015,-0.00576,-0.5741166732051,-1.754738101289,2.6966828583981,3.2173196007276,0.016820797766996,0.021702203263094,-0.93671898833615,0.08749151157192,10.084870973704,-0.99319923007858,-0.22463521481134,10.077397406226,0.0011546414366663,-0.0041403193732318,-0.041582872199514,0.0013854964987573,-0.0028500381005828,-0.041682760594541,0.11892854997855,0.017691806012954,4.0,10.0,6.0,6.0,6.0,True,364
365,173.3,212.85,750.86,794.74,1.0,1.0,0.0,48.94233320815,8.411424695033,137.45104980469,0.032107,-0.005489,-0.5782576732051,-1.7105231193034,2.6042892464147,3.1157754602756,0.016393353289052,0.038088940751349,-0.9490922932098,0.10871774460492,10.034898160303,-1.0062683336439,-0.20793574996778,10.027792019527,0.0097863329803827,0.0023852307426972,-0.040041072642574,0.010013332936505,0.0036466503839693,-0.039885975690451,0.11892854997855,0.017691806012954,4.0,9.0,6.0,6.0,6.0,False,365
366,173.26,211.98,749.06,792.67,1.0,1.0,0.0,48.942331589155,8.4114284844153,137.45310974121,0.032759,-0.004366,-0.5819326732051,-1.6666618652016,2.5043392536679,3.0081698777769,0.021765253131994,0.051151238190788,-0.92652226144311,0.21683131883988,9.7843415203818,-0.97529680937267,-0.1004559315253,9.781562578215,0.0059288318974174,0.0096050748217465,-0.033378791244591,0.0060945273937549,0.010680729576071,-0.033016770855485,0.11892854997855,0.017691806012954,4.0,9.0,6.0,6.0,6.0,True,366
367,173.21,211.13,747.34,790.69,1.0,1.0,0.0,48.942330146667,8.4114318156433,137.45526123047,0.033157,-0.003035,-0.5855306732051,-1.6129523463351,2.4216890375978,2.9096446431388,0.011953512197232,0.040149257565247,-0.96955375568373,0.34245501212058,9.6531559899034,-1.005239025187,0.024117892025722,9.6556098090876,0.0033572369242453,0.010273770375736,-0.035530465127249,0.0034864425158037,0.011439325811993,-0.035157967925151,0.12101652779683,0.016970562748477,4.0,9.0,6.0,6.0,6.0,True,367
368,173.17,210.33,745.68,788.8,1.0,1.0,0.0,48.942328751783,8.4114350276385,137.45574951172,0.032784,-0.002989,-0.5888976732051,-1.5601144718373,2.333459814986,2.8069470501468,0.0066346289969872,0.021869900398831,-1.0149558421055,0.24390372498236,9.6845509071099,-1.0443478272091,-0.075170236116806,9.6842234334853,-0.0027669156594458,-0.00035262761004732,-0.032895602078738,-0.0026671142998738,0.00073119859924282,-0.03289595296269,0.12101652779683,0.016970562748477,4.0,9.0,6.0,6.0,6.0,False,368
369,173.13,209.55,744.08,786.97,1.0,1.0,0.0,48.942327268342,8.4114384107785,137.45532226562,0.032655,-0.003642,-0.5922056732051,-1.5088582337059,2.2323531969667,2.6944375504137,0.010532892174176,0.01276735847197,-0.99617216539293,0.1577766643413,9.7530624037105,-1.0289699708357,-0.16070064851355,9.7496170200675,4.2792818506686e-05,-0.0059288085609661,-0.029490062791691,0.00014211356235099,-0.0049627404977089,-0.029666397745145,0.12101652779683,0.016970562748477,4.0,9.0,6.0,6.0,6.0,True,369
370,173.09,208.81,742.54,785.22,1.0,1.0,0.0,48.94232596008,8.411441291023,137.458488464355,0.033409,-0.003443,-0.5946796732051,-1.45856724077095,2.1371118677247,2.58739195415715,0.01519902175159,0.01438056161289,-1.05087182257181,0.2240390037752,9.79939901809725,-1.08401009900575,-0.10108342238259,9.79788144124175,0.0040761559508,-0.00211820368,-0.02688552260053,0.004166969538,-0.00122700634964,-0.02692419104807,0.12101652779683,0.01697056274848,4.0,9.0,-1.0,-1.0,-1.0,True,370
